organismID;category;subcategory;condition;phylum;class;subclass;order;family;genus;species;checked
abiotic;Abiotic;NA;NA;NA;NA;NA;NA;NA;NA;NA;TRUE
acanthastrea;NA;NA;NA;Cnidaria;Anthozoa;Hexacorallia;Scleractinia;Lobophylliidae;Acanthastrea;NA;TRUE
acanthastrea brevis;NA;NA;NA;Cnidaria;Anthozoa;Hexacorallia;Scleractinia;Lobophylliidae;Acanthastrea;Acanthastrea brevis;TRUE
acanthastrea brevis bleached;NA;NA;Bleached;Cnidaria;Anthozoa;Hexacorallia;Scleractinia;Lobophylliidae;Acanthastrea;Acanthastrea brevis;TRUE
acanthastrea echinata;NA;NA;NA;Cnidaria;Anthozoa;Hexacorallia;Scleractinia;Lobophylliidae;Acanthastrea;Acanthastrea echinata;TRUE
acanthastrea echinata bleached;NA;NA;Bleached;Cnidaria;Anthozoa;Hexacorallia;Scleractinia;Lobophylliidae;Acanthastrea;Acanthastrea echinata;TRUE
acanthastrea massif;NA;NA;NA;Cnidaria;Anthozoa;Hexacorallia;Scleractinia;Lobophylliidae;Acanthastrea;NA;TRUE
acanthastrea sp;NA;NA;NA;Cnidaria;Anthozoa;Hexacorallia;Scleractinia;Lobophylliidae;Acanthastrea;NA;TRUE
acanthophora sp;NA;NA;NA;Rhodophyta;Florideophyceae;Rhodymeniophycidae;Ceramiales;Rhodomelaceae;Acanthophora;NA;TRUE
acropora;NA;NA;NA;Cnidaria;Anthozoa;Hexacorallia;Scleractinia;Acroporidae;Acropora;NA;TRUE
acropora - branching;NA;NA;NA;Cnidaria;Anthozoa;Hexacorallia;Scleractinia;Acroporidae;Acropora;NA;TRUE
acropora abrotanoides;NA;NA;NA;Cnidaria;Anthozoa;Hexacorallia;Scleractinia;Acroporidae;Acropora;Acropora abrotanoides;TRUE
acropora abrotanoides bleached;NA;NA;Bleached;Cnidaria;Anthozoa;Hexacorallia;Scleractinia;Acroporidae;Acropora;Acropora abrotanoides;TRUE
acropora aculeus;NA;NA;NA;Cnidaria;Anthozoa;Hexacorallia;Scleractinia;Acroporidae;Acropora;Acropora aculeus;TRUE
acropora austera;NA;NA;NA;Cnidaria;Anthozoa;Hexacorallia;Scleractinia;Acroporidae;Acropora;Acropora austera;TRUE
acropora blanchi;NA;NA;Bleached;Cnidaria;Anthozoa;Hexacorallia;Scleractinia;Acroporidae;Acropora;NA;TRUE
acropora branching;NA;NA;NA;Cnidaria;Anthozoa;Hexacorallia;Scleractinia;Acroporidae;Acropora;NA;TRUE
acropora branching and bottlebrush;NA;NA;NA;Cnidaria;Anthozoa;Hexacorallia;Scleractinia;Acroporidae;Acropora;NA;TRUE
acropora branchu blanchi;NA;NA;Bleached;Cnidaria;Anthozoa;Hexacorallia;Scleractinia;Acroporidae;Acropora;NA;TRUE
acropora clathrata;NA;NA;NA;Cnidaria;Anthozoa;Hexacorallia;Scleractinia;Acroporidae;Acropora;Acropora clathrata;TRUE
acropora cytherea;NA;NA;NA;Cnidaria;Anthozoa;Hexacorallia;Scleractinia;Acroporidae;Acropora;Acropora cytherea;TRUE
acropora digitate;NA;NA;NA;Cnidaria;Anthozoa;Hexacorallia;Scleractinia;Acroporidae;Acropora;NA;TRUE
acropora digitifera;NA;NA;NA;Cnidaria;Anthozoa;Hexacorallia;Scleractinia;Acroporidae;Acropora;Acropora digitifera;TRUE
acropora encrusting;NA;NA;NA;Cnidaria;Anthozoa;Hexacorallia;Scleractinia;Acroporidae;Acropora;NA;TRUE
acropora gemmifera;NA;NA;NA;Cnidaria;Anthozoa;Hexacorallia;Scleractinia;Acroporidae;Acropora;Acropora gemmifera;TRUE
acropora globiceps;NA;NA;NA;Cnidaria;Anthozoa;Hexacorallia;Scleractinia;Acroporidae;Acropora;Acropora globiceps;TRUE
acropora granulosa;NA;NA;NA;Cnidaria;Anthozoa;Hexacorallia;Scleractinia;Acroporidae;Acropora;Acropora granulosa;TRUE
acropora humilis;NA;NA;NA;Cnidaria;Anthozoa;Hexacorallia;Scleractinia;Acroporidae;Acropora;Acropora humilis;TRUE
acropora hyacinthus;NA;NA;NA;Cnidaria;Anthozoa;Hexacorallia;Scleractinia;Acroporidae;Acropora;Acropora hyacinthus;TRUE
acropora intermedia;NA;NA;NA;Cnidaria;Anthozoa;Hexacorallia;Scleractinia;Acroporidae;Acropora;Acropora intermedia;TRUE
acropora kimbeensis;NA;NA;NA;Cnidaria;Anthozoa;Hexacorallia;Scleractinia;Acroporidae;Acropora;Acropora kimbeensis;TRUE
acropora latistella;NA;NA;NA;Cnidaria;Anthozoa;Hexacorallia;Scleractinia;Acroporidae;Acropora;Acropora latistella;TRUE
acropora microclados;NA;NA;NA;Cnidaria;Anthozoa;Hexacorallia;Scleractinia;Acroporidae;Acropora;Acropora microclados;TRUE
acropora nasuta;NA;NA;NA;Cnidaria;Anthozoa;Hexacorallia;Scleractinia;Acroporidae;Acropora;Acropora nasuta;TRUE
acropora pagoensis;NA;NA;NA;Cnidaria;Anthozoa;Hexacorallia;Scleractinia;Acroporidae;Acropora;Acropora eurystoma;TRUE
acropora paniculata;NA;NA;NA;Cnidaria;Anthozoa;Hexacorallia;Scleractinia;Acroporidae;Acropora;Acropora paniculata;TRUE
acropora paniculata bleached;NA;NA;Bleached;Cnidaria;Anthozoa;Hexacorallia;Scleractinia;Acroporidae;Acropora;Acropora paniculata;TRUE
acropora polystoma;NA;NA;NA;Cnidaria;Anthozoa;Hexacorallia;Scleractinia;Acroporidae;Acropora;Acropora polystoma;TRUE
acropora retusa;NA;NA;NA;Cnidaria;Anthozoa;Hexacorallia;Scleractinia;Acroporidae;Acropora;Acropora retusa;TRUE
acropora samoensis;NA;NA;NA;Cnidaria;Anthozoa;Hexacorallia;Scleractinia;Acroporidae;Acropora;Acropora samoensis;TRUE
acropora secale;NA;NA;NA;Cnidaria;Anthozoa;Hexacorallia;Scleractinia;Acroporidae;Acropora;Acropora secale;TRUE
acropora selago;NA;NA;NA;Cnidaria;Anthozoa;Hexacorallia;Scleractinia;Acroporidae;Acropora;Acropora selago;TRUE
acropora sp;NA;NA;NA;Cnidaria;Anthozoa;Hexacorallia;Scleractinia;Acroporidae;Acropora;NA;TRUE
acropora sp bleached;NA;NA;Bleached;Cnidaria;Anthozoa;Hexacorallia;Scleractinia;Acroporidae;Acropora;NA;TRUE
acropora submassive;NA;NA;NA;Cnidaria;Anthozoa;Hexacorallia;Scleractinia;Acroporidae;Acropora;NA;TRUE
acropora tabulaire blanchi;NA;NA;Bleached;Cnidaria;Anthozoa;Hexacorallia;Scleractinia;Acroporidae;Acropora;NA;TRUE
acropora tabular;NA;NA;NA;Cnidaria;Anthozoa;Hexacorallia;Scleractinia;Acroporidae;Acropora;NA;TRUE
acropora tabulate;NA;NA;NA;Cnidaria;Anthozoa;Hexacorallia;Scleractinia;Acroporidae;Acropora;NA;TRUE
acropora tabulate and corymbose;NA;NA;NA;Cnidaria;Anthozoa;Hexacorallia;Scleractinia;Acroporidae;Acropora;NA;TRUE
acropora tenuis;NA;NA;NA;Cnidaria;Anthozoa;Hexacorallia;Scleractinia;Acroporidae;Acropora;Acropora tenuis;TRUE
acropora valida;NA;NA;NA;Cnidaria;Anthozoa;Hexacorallia;Scleractinia;Acroporidae;Acropora;Acropora valida;TRUE
acropora verweyi;NA;NA;NA;Cnidaria;Anthozoa;Hexacorallia;Scleractinia;Acroporidae;Acropora;Acropora verweyi;TRUE
acroporidae branchu;NA;NA;NA;Cnidaria;Anthozoa;Hexacorallia;Scleractinia;Acroporidae;NA;NA;TRUE
acroporidae digite;NA;NA;NA;Cnidaria;Anthozoa;Hexacorallia;Scleractinia;Acroporidae;NA;NA;TRUE
acroporidae encroutant;NA;NA;NA;Cnidaria;Anthozoa;Hexacorallia;Scleractinia;Acroporidae;NA;NA;TRUE
acroporidae sub-massif;NA;NA;NA;Cnidaria;Anthozoa;Hexacorallia;Scleractinia;Acroporidae;NA;NA;TRUE
acroporidae tabulaire;NA;NA;NA;Cnidaria;Anthozoa;Hexacorallia;Scleractinia;Acroporidae;NA;NA;TRUE
agaricia;NA;NA;NA;Cnidaria;Anthozoa;Hexacorallia;Scleractinia;Agariciidae;Agaricia;NA;TRUE
agariciidae encrusting and submassive;NA;NA;NA;Cnidaria;Anthozoa;Hexacorallia;Scleractinia;Agariciidae;NA;NA;TRUE
agariciidae foliose;NA;NA;NA;Cnidaria;Anthozoa;Hexacorallia;Scleractinia;Agariciidae;NA;NA;TRUE
algae - algae: large visible globules;Algae;NA;NA;NA;NA;NA;NA;NA;NA;NA;TRUE
algae - calcifying algae: halimeda;NA;NA;NA;Chlorophyta;Ulvophyceae;NA;Bryopsidales;Halimedaceae;Halimeda;NA;TRUE
algae - calcifying calcareous crustose algae: dhc;Algae;Coralline algae;NA;NA;NA;NA;NA;NA;NA;NA;TRUE
algae - calcifying calcareous crustose algae: rubble;Algae;Coralline algae;NA;NA;NA;NA;NA;NA;NA;NA;TRUE
algae - calcifying macroalgae: padina;NA;NA;NA;NA;Phaeophyceae;NA;Dictyotales;Dictyotaceae;Padina;NA;TRUE
algae - cca;Algae;Coralline algae;NA;NA;NA;NA;NA;NA;NA;NA;TRUE
algae - crustose coralline algae;Algae;Coralline algae;NA;NA;NA;NA;NA;NA;NA;NA;TRUE
algae - cyanobacteria;NA;NA;NA;Cyanobacteria;NA;NA;NA;NA;NA;NA;TRUE
algae - cyanobacteria smothering dead coral;NA;NA;NA;Cyanobacteria;NA;NA;NA;NA;NA;NA;TRUE
algae - cyanobacteria smothering rubble;NA;NA;NA;Cyanobacteria;NA;NA;NA;NA;NA;NA;TRUE
algae - eam: dead hard coral;Algae;NA;NA;NA;NA;NA;NA;NA;NA;NA;TRUE
algae - epilithic algal matrix;Algae;NA;NA;NA;NA;NA;NA;NA;NA;NA;TRUE
algae - epilithic algal matrix on rock or other subst;Algae;NA;NA;NA;NA;NA;NA;NA;NA;NA;TRUE
algae - epilithic algal matrix smotheting rubble;Algae;NA;NA;NA;NA;NA;NA;NA;NA;NA;TRUE
algae - filamentous macroalgae;Algae;Macroalgae;NA;NA;NA;NA;NA;NA;NA;NA;TRUE
algae - foliose algae: other;Algae;NA;NA;NA;NA;NA;NA;NA;NA;NA;TRUE
algae - foliose fan shaped algae;Algae;NA;NA;NA;NA;NA;NA;NA;NA;NA;TRUE
algae - foliose feathery algae;Algae;NA;NA;NA;NA;NA;NA;NA;NA;NA;TRUE
algae - foliose strap/ branched algae;Algae;NA;NA;NA;NA;NA;NA;NA;NA;NA;TRUE
algae - loose substrate: rubble;Algae;NA;NA;NA;NA;NA;NA;NA;NA;NA;TRUE
algae - macroalgae;Algae;Macroalgae;NA;NA;NA;NA;NA;NA;NA;NA;TRUE
algae - macroalgae encrusting red;Algae;Macroalgae;NA;NA;NA;NA;NA;NA;NA;NA;TRUE
algae - macrolagae all genera;Algae;Macroalgae;NA;NA;NA;NA;NA;NA;NA;NA;TRUE
algae - other algae;Algae;NA;NA;NA;NA;NA;NA;NA;NA;NA;TRUE
algae - turf algae;Algae;Turf algae;NA;NA;NA;NA;NA;NA;NA;NA;TRUE
algae - turf algae and sand;Algae;Turf algae;NA;NA;NA;NA;NA;NA;NA;NA;TRUE
algae - unclear;Algae;NA;NA;NA;NA;NA;NA;NA;NA;NA;TRUE
algal assemblage;Algae;NA;NA;NA;NA;NA;NA;NA;NA;NA;TRUE
algal turf;Algae;Turf algae;NA;NA;NA;NA;NA;NA;NA;NA;TRUE
algues encroutantes calcaires;Algae;Coralline algae;NA;NA;NA;NA;NA;NA;NA;NA;TRUE
all hardcoral;Hard coral;NA;NA;NA;NA;NA;NA;NA;NA;NA;TRUE
all soft coral;NA;NA;NA;Cnidaria;Anthozoa;Octocorallia;Alcyonacea;NA;NA;NA;TRUE
alveopora sp;NA;NA;NA;Cnidaria;Anthozoa;Hexacorallia;Scleractinia;Acroporidae;Alveopora;NA;TRUE
amansia sp;NA;NA;NA;Rhodophyta;Florideophyceae;Rhodymeniophycidae;Ceramiales;Rhodomelaceae;Amansia;NA;TRUE
anemone;NA;NA;NA;Cnidaria;Anthozoa;Hexacorallia;Actiniaria;NA;NA;NA;TRUE
asparagopsis;NA;NA;NA;Rhodophyta;Florideophyceae;Rhodymeniophycidae;Bonnemaisoniales;Bonnemaisoniaceae;Asparagopsis;NA;TRUE
asparagopsis compte a partir de 2011;NA;NA;NA;Rhodophyta;Florideophyceae;Rhodymeniophycidae;Bonnemaisoniales;Bonnemaisoniaceae;Asparagopsis;NA;TRUE
asparagopsis sp;NA;NA;NA;Rhodophyta;Florideophyceae;Rhodymeniophycidae;Bonnemaisoniales;Bonnemaisoniaceae;Asparagopsis;NA;TRUE
assemblage d'algues;Algae;NA;NA;NA;NA;NA;NA;NA;NA;NA;TRUE
astrea annuligera;NA;NA;NA;Cnidaria;Anthozoa;Hexacorallia;Scleractinia;Merulinidae;Astrea;Astrea annuligera;TRUE
astrea curta;NA;NA;NA;Cnidaria;Anthozoa;Hexacorallia;Scleractinia;Merulinidae;Astrea;Astrea curta;TRUE
astrea curta bleached;NA;NA;Bleached;Cnidaria;Anthozoa;Hexacorallia;Scleractinia;Merulinidae;Astrea;Astrea curta;TRUE
astrea sp;NA;NA;NA;Cnidaria;Anthozoa;Hexacorallia;Scleractinia;Merulinidae;Astrea;NA;TRUE
astreopora;NA;NA;NA;Cnidaria;Anthozoa;Hexacorallia;Scleractinia;Acroporidae;Astreopora;NA;TRUE
astreopora cucullata;NA;NA;NA;Cnidaria;Anthozoa;Hexacorallia;Scleractinia;Acroporidae;Astreopora;Astreopora cucullata;TRUE
astreopora cucullata bleached;NA;NA;Bleached;Cnidaria;Anthozoa;Hexacorallia;Scleractinia;Acroporidae;Astreopora;Astreopora cucullata;TRUE
astreopora encroutant;NA;NA;NA;Cnidaria;Anthozoa;Hexacorallia;Scleractinia;Acroporidae;Astreopora;NA;TRUE
astreopora gracilis;NA;NA;NA;Cnidaria;Anthozoa;Hexacorallia;Scleractinia;Acroporidae;Astreopora;Astreopora gracilis;TRUE
astreopora gracilis bleached;NA;NA;Bleached;Cnidaria;Anthozoa;Hexacorallia;Scleractinia;Acroporidae;Astreopora;Astreopora gracilis;TRUE
astreopora massif;NA;NA;NA;Cnidaria;Anthozoa;Hexacorallia;Scleractinia;Acroporidae;Astreopora;NA;TRUE
astreopora myriophthalma;NA;NA;NA;Cnidaria;Anthozoa;Hexacorallia;Scleractinia;Acroporidae;Astreopora;Astreopora myriophthalma;TRUE
astreopora myriophthalma bleached;NA;NA;Bleached;Cnidaria;Anthozoa;Hexacorallia;Scleractinia;Acroporidae;Astreopora;Astreopora myriophthalma;TRUE
astreopora randalli;NA;NA;NA;Cnidaria;Anthozoa;Hexacorallia;Scleractinia;Acroporidae;Astreopora;Astreopora randalli;TRUE
astreopora randalli bleached;NA;NA;Bleached;Cnidaria;Anthozoa;Hexacorallia;Scleractinia;Acroporidae;Astreopora;Astreopora randalli;TRUE
astreopora sp;NA;NA;NA;Cnidaria;Anthozoa;Hexacorallia;Scleractinia;Acroporidae;Astreopora;NA;TRUE
astreopora sp bleached;NA;NA;Bleached;Cnidaria;Anthozoa;Hexacorallia;Scleractinia;Acroporidae;Astreopora;NA;TRUE
autre faune;Other fauna;NA;NA;NA;NA;NA;NA;NA;NA;NA;TRUE
autres;NA;NA;NA;NA;NA;NA;NA;NA;NA;NA;TRUE
autres coraux;Hard coral;NA;NA;NA;NA;NA;NA;NA;NA;NA;TRUE
autres organismes vivants;NA;NA;NA;NA;NA;NA;NA;NA;NA;NA;TRUE
avrainvillea sp;NA;NA;NA;Chlorophyta;Ulvophyceae;NA;Bryopsidales;Dichotomosiphonaceae;Avrainvillea;NA;TRUE
barabattoia massif;NA;NA;NA;Cnidaria;Anthozoa;Hexacorallia;Scleractinia;Merulinidae;Dipsastraea;NA;TRUE
bare substrate;Abiotic;Rock;NA;NA;NA;NA;NA;NA;NA;NA;TRUE
bivalve;NA;NA;NA;Mollusca;Bivalvia;NA;NA;NA;NA;NA;TRUE
bleached branching coral;Hard coral;NA;Bleached;NA;NA;NA;NA;NA;NA;NA;TRUE
bleached bushy coral;Hard coral;NA;Bleached;NA;NA;NA;NA;NA;NA;NA;TRUE
bleached coral;Hard coral;NA;Bleached;NA;NA;NA;NA;NA;NA;NA;TRUE
bleached encrusting coral;Hard coral;NA;Bleached;NA;NA;NA;NA;NA;NA;NA;TRUE
bleached foliose coral;Hard coral;NA;Bleached;NA;NA;NA;NA;NA;NA;NA;TRUE
bleached massive coral;Hard coral;NA;Bleached;NA;NA;NA;NA;NA;NA;NA;TRUE
bleached millepora branching;NA;NA;Bleached;Cnidaria;Hydrozoa;Hydroidolina;Anthoathecata;Milleporidae;Millepora;NA;TRUE
bleached millepora encrusting;NA;NA;Bleached;Cnidaria;Hydrozoa;Hydroidolina;Anthoathecata;Milleporidae;Millepora;NA;TRUE
bleached tabulate coral;Hard coral;NA;Bleached;NA;NA;NA;NA;NA;NA;NA;TRUE
bloc;NA;NA;NA;NA;NA;NA;NA;NA;NA;NA;TRUE
blue-green macroalga;Algae;Macroalgae;NA;NA;NA;NA;NA;NA;NA;NA;TRUE
boodlea;NA;NA;NA;Chlorophyta;Ulvophyceae;NA;Cladophorales;Siphonocladaceae;Boodlea;NA;TRUE
branching coral;Hard coral;NA;NA;NA;NA;NA;NA;NA;NA;NA;TRUE
branching coralline algae;Algae;Coralline algae;NA;NA;NA;NA;NA;NA;NA;NA;TRUE
branching hard coral;Hard coral;NA;NA;NA;NA;NA;NA;NA;NA;NA;TRUE
brown macroalgae;Algae;Macroalgae;NA;NA;NA;NA;NA;NA;NA;NA;TRUE
bryozoan;NA;NA;NA;Bryozoa;NA;NA;NA;NA;NA;NA;TRUE
bushy coral;Hard coral;NA;NA;NA;NA;NA;NA;NA;NA;NA;TRUE
calcareous algae;Algae;Coralline algae;NA;NA;NA;NA;NA;NA;NA;NA;TRUE
calcerous macroalgae;Algae;NA;NA;NA;NA;NA;NA;NA;NA;NA;TRUE
cantharellus;NA;NA;NA;Cnidaria;Anthozoa;Hexacorallia;Scleractinia;Fungiidae;Cantharellus;NA;TRUE
caulastrea massif;NA;NA;NA;Cnidaria;Anthozoa;Hexacorallia;Scleractinia;Merulinidae;Caulastraea;NA;TRUE
caulerpa;NA;NA;NA;Chlorophyta;Ulvophyceae;NA;Bryopsidales;Caulerpaceae;Caulerpa;NA;TRUE
caulerpa sp;NA;NA;NA;Chlorophyta;Ulvophyceae;NA;Bryopsidales;Caulerpaceae;Caulerpa;NA;TRUE
cca growing on hard substrate;Algae;Coralline algae;NA;NA;NA;NA;NA;NA;NA;NA;TRUE
cca growing on rubble;Algae;Coralline algae;NA;NA;NA;NA;NA;NA;NA;NA;TRUE
chlorodesmis sp;NA;NA;NA;Chlorophyta;Ulvophyceae;NA;Bryopsidales;Udoteaceae;Chlorodesmis;NA;TRUE
chrysophyte;Algae;NA;NA;NA;NA;NA;NA;NA;NA;NA;TRUE
cladiela;NA;NA;NA;Cnidaria;Anthozoa;Octocorallia;Malacalcyonacea;Cladiellidae;Cladiella;NA;TRUE
coeloseris;NA;NA;NA;Cnidaria;Anthozoa;Hexacorallia;Scleractinia;Agariciidae;Coeloseris;NA;TRUE
coeloseris encroutant;NA;NA;NA;Cnidaria;Anthozoa;Hexacorallia;Scleractinia;Agariciidae;Coeloseris;NA;TRUE
colpophyllia;NA;NA;NA;Cnidaria;Anthozoa;Hexacorallia;Scleractinia;Mussidae;Colpophyllia;NA;TRUE
columnar hard coral;Hard coral;NA;NA;NA;NA;NA;NA;NA;NA;NA;TRUE
corail branchu;Hard coral;NA;NA;NA;NA;NA;NA;NA;NA;NA;TRUE
corail encroutant;Hard coral;NA;NA;NA;NA;NA;NA;NA;NA;NA;TRUE
corail foliaire;Hard coral;NA;NA;NA;NA;NA;NA;NA;NA;NA;TRUE
corail massif;Hard coral;NA;NA;NA;NA;NA;NA;NA;NA;NA;TRUE
corail millepora;NA;NA;NA;Cnidaria;Hydrozoa;Hydroidolina;Anthoathecata;Milleporidae;Millepora;NA;TRUE
corail non identifie;Hard coral;NA;NA;NA;NA;NA;NA;NA;NA;NA;TRUE
corail solitaire;Hard coral;NA;NA;NA;NA;NA;NA;NA;NA;NA;TRUE
corail sub-massif;Hard coral;NA;NA;NA;NA;NA;NA;NA;NA;NA;TRUE
corail vivant non identifie;Hard coral;NA;NA;NA;NA;NA;NA;NA;NA;NA;TRUE
coral;Hard coral;NA;NA;NA;NA;NA;NA;NA;NA;NA;TRUE
coral base;Abiotic;Rock;NA;NA;NA;NA;NA;NA;NA;NA;TRUE
coral mushroom;Hard coral;NA;NA;NA;NA;NA;NA;NA;NA;NA;TRUE
coral rubble;Abiotic;Rubble;NA;NA;NA;NA;NA;NA;NA;NA;TRUE
coraline;Algae;Coralline algae;NA;NA;NA;NA;NA;NA;NA;NA;TRUE
corallimorph;NA;NA;NA;Cnidaria;Anthozoa;Hexacorallia;Corallimorpharia;NA;NA;NA;TRUE
coralline algae;Algae;Coralline algae;NA;NA;NA;NA;NA;NA;NA;NA;TRUE
corallinealgae;Algae;Coralline algae;NA;NA;NA;NA;NA;NA;NA;NA;TRUE
coraux branchus;Hard coral;NA;NA;NA;NA;NA;NA;NA;NA;NA;TRUE
coraux massifs;Hard coral;NA;NA;NA;NA;NA;NA;NA;NA;NA;TRUE
coraux morts recemment;Abiotic;NA;NA;NA;NA;NA;NA;NA;NA;NA;TRUE
coraux morts recouverts d'algues;Algae;NA;NA;NA;NA;NA;NA;NA;NA;NA;TRUE
coraux mous;NA;NA;NA;Cnidaria;Anthozoa;Octocorallia;NA;NA;NA;NA;TRUE
coraux tabulaires;Hard coral;NA;NA;NA;NA;NA;NA;NA;NA;NA;TRUE
coscinaraea;NA;NA;NA;Cnidaria;Anthozoa;Hexacorallia;Scleractinia;Coscinaraeidae;Coscinaraea;NA;TRUE
coscinaraea columna;NA;NA;NA;Cnidaria;Anthozoa;Hexacorallia;Scleractinia;Coscinaraeidae;Coscinaraea;Coscinaraea columna;TRUE
coscinaraea columna bleached;NA;NA;Bleached;Cnidaria;Anthozoa;Hexacorallia;Scleractinia;Coscinaraeidae;Coscinaraea;Coscinaraea columna;TRUE
coscinaraea encroutant;NA;NA;NA;Cnidaria;Anthozoa;Hexacorallia;Scleractinia;Coscinaraeidae;Coscinaraea;NA;TRUE
coscinaraea sp;NA;NA;NA;Cnidaria;Anthozoa;Hexacorallia;Scleractinia;Coscinaraeidae;Coscinaraea;NA;TRUE
crevasse;NA;NA;NA;NA;NA;NA;NA;NA;NA;NA;TRUE
crustose coralline algae;Algae;Coralline algae;NA;NA;NA;NA;NA;NA;NA;NA;TRUE
ctenactis;NA;NA;NA;Cnidaria;Anthozoa;Hexacorallia;Scleractinia;Fungiidae;Ctenactis;NA;TRUE
ctenactis sp;NA;NA;NA;Cnidaria;Anthozoa;Hexacorallia;Scleractinia;Fungiidae;Ctenactis;NA;TRUE
cyanobacteria;NA;NA;NA;Cyanobacteria;NA;NA;NA;NA;NA;NA;TRUE
cyanobacteries;NA;NA;NA;Cyanobacteria;NA;NA;NA;NA;NA;NA;TRUE
cyanophyceae;NA;NA;NA;Cyanobacteria;NA;NA;NA;NA;NA;NA;TRUE
cycloseris tenuis;NA;NA;NA;Cnidaria;Anthozoa;Hexacorallia;Scleractinia;Fungiidae;Cycloseris;Cycloseris tenuis;TRUE
cycloseris tenuis bleached;NA;NA;Bleached;Cnidaria;Anthozoa;Hexacorallia;Scleractinia;Fungiidae;Cycloseris;Cycloseris tenuis;TRUE
cycloseris vaughani;NA;NA;NA;Cnidaria;Anthozoa;Hexacorallia;Scleractinia;Fungiidae;Cycloseris;Cycloseris vaughani;TRUE
cycloseris vaughani bleached;NA;NA;Bleached;Cnidaria;Anthozoa;Hexacorallia;Scleractinia;Fungiidae;Cycloseris;Cycloseris vaughani;TRUE
cyphastrea;NA;NA;NA;Cnidaria;Anthozoa;Hexacorallia;Scleractinia;Merulinidae;Cyphastrea;NA;TRUE
cyphastrea encroutant;NA;NA;NA;Cnidaria;Anthozoa;Hexacorallia;Scleractinia;Merulinidae;Cyphastrea;NA;TRUE
cyphastrea microphthalma;NA;NA;NA;Cnidaria;Anthozoa;Hexacorallia;Scleractinia;Merulinidae;Cyphastrea;Cyphastrea microphthalma;TRUE
cyphastrea ocellina;NA;NA;NA;Cnidaria;Anthozoa;Hexacorallia;Scleractinia;Merulinidae;Cyphastrea;Cyphastrea ocellina;TRUE
cyphastrea sp;NA;NA;NA;Cnidaria;Anthozoa;Hexacorallia;Scleractinia;Merulinidae;Cyphastrea;NA;TRUE
cyphastrea sp bleached;NA;NA;NA;Cnidaria;Anthozoa;Hexacorallia;Scleractinia;Merulinidae;Cyphastrea;NA;TRUE
dalle;Abiotic;Rock;NA;NA;NA;NA;NA;NA;NA;NA;TRUE
dead coral;Abiotic;NA;NA;NA;NA;NA;NA;NA;NA;NA;TRUE
dead coral covered in blue-green algae;Algae;NA;NA;NA;NA;NA;NA;NA;NA;NA;TRUE
dead coral with algae;Algae;NA;NA;NA;NA;NA;NA;NA;NA;NA;TRUE
debris;Abiotic;Rubble;NA;NA;NA;NA;NA;NA;NA;NA;TRUE
dendrogyra;NA;NA;NA;Cnidaria;Anthozoa;Hexacorallia;Scleractinia;Meandrinidae;Dendrogyra;NA;TRUE
dendrophyllidae foliose;NA;NA;NA;Cnidaria;Anthozoa;Hexacorallia;Scleractinia;Dendrophylliidae;NA;NA;TRUE
dendrophyllidae massive and encrusting;NA;NA;NA;Cnidaria;Anthozoa;Hexacorallia;Scleractinia;Dendrophylliidae;NA;NA;TRUE
dichocoenia;NA;NA;NA;Cnidaria;Anthozoa;Hexacorallia;Scleractinia;Meandrinidae;Dichocoenia;NA;TRUE
dictyopteris/dictyota;NA;NA;NA;NA;Phaeophyceae;NA;Dictyotales;Dictyotaceae;NA;NA;TRUE
dictyosphaeria sp;NA;NA;NA;Chlorophyta;Ulvophyceae;NA;Cladophorales;Siphonocladaceae;Dictyosphaeria;NA;TRUE
dictyota;NA;NA;NA;NA;Phaeophyceae;NA;Dictyotales;Dictyotaceae;Dictyota;NA;TRUE
diploastrea blanchi;NA;NA;Bleached;Cnidaria;Anthozoa;Hexacorallia;Scleractinia;Diploastraeidae;Diploastrea;NA;TRUE
diploastrea heliopora;NA;NA;NA;Cnidaria;Anthozoa;Hexacorallia;Scleractinia;Diploastreidae;Diploastrea;Diploastrea heliopora;TRUE
diploastrea massif;NA;NA;NA;Cnidaria;Anthozoa;Hexacorallia;Scleractinia;Diploastraeidae;Diploastrea;NA;TRUE
diploastrea sp;NA;NA;NA;Cnidaria;Anthozoa;Hexacorallia;Scleractinia;Diploastraeidae;Diploastrea;NA;TRUE
diploria;NA;NA;NA;Cnidaria;Anthozoa;Hexacorallia;Scleractinia;Mussidae;Diploria;NA;TRUE
dipsastraea;NA;NA;NA;Cnidaria;Anthozoa;Hexacorallia;Scleractinia;Merulinidae;Dipsastraea;NA;TRUE
dipsastraea favus;NA;NA;NA;Cnidaria;Anthozoa;Hexacorallia;Scleractinia;Merulinidae;Dipsastraea;Dipsastraea favus;TRUE
dipsastraea favus bleached;NA;NA;Bleached;Cnidaria;Anthozoa;Hexacorallia;Scleractinia;Merulinidae;Dipsastraea;Dipsastraea favus;TRUE
dipsastraea helianthoides;NA;NA;NA;Cnidaria;Anthozoa;Hexacorallia;Scleractinia;Merulinidae;Dipsastraea;Dipsastraea helianthoides;TRUE
dipsastraea matthaii;NA;NA;NA;Cnidaria;Anthozoa;Hexacorallia;Scleractinia;Merulinidae;Dipsastraea;Dipsastraea matthaii;TRUE
dipsastraea matthaii bleached;NA;NA;Bleached;Cnidaria;Anthozoa;Hexacorallia;Scleractinia;Merulinidae;Dipsastraea;Dipsastraea matthaii;TRUE
dipsastraea pallida;NA;NA;NA;Cnidaria;Anthozoa;Hexacorallia;Scleractinia;Merulinidae;Dipsastraea;Dipsastraea pallida;TRUE
dipsastraea pallida bleached;NA;NA;Bleached;Cnidaria;Anthozoa;Hexacorallia;Scleractinia;Merulinidae;Dipsastraea;NA;TRUE
dipsastraea rotumana;NA;NA;NA;Cnidaria;Anthozoa;Hexacorallia;Scleractinia;Merulinidae;Dipsastraea;Dipsastraea rotumana;TRUE
dipsastraea sp;NA;NA;NA;Cnidaria;Anthozoa;Hexacorallia;Scleractinia;Merulinidae;Dipsastraea;NA;TRUE
dipsastraea sp bleached;NA;NA;Bleached;Cnidaria;Anthozoa;Hexacorallia;Scleractinia;Merulinidae;Dipsastraea;NA;TRUE
dipsastrea;NA;NA;NA;Cnidaria;Anthozoa;Hexacorallia;Scleractinia;Merulinidae;Dipsastraea;NA;TRUE
dipsastrea blanchi;NA;NA;Bleached;Cnidaria;Anthozoa;Hexacorallia;Scleractinia;Merulinidae;Dipsastraea;NA;TRUE
dipsastrea massif;NA;NA;NA;Cnidaria;Anthozoa;Hexacorallia;Scleractinia;Merulinidae;Dipsastraea;NA;TRUE
divers autres;NA;NA;NA;NA;NA;NA;NA;NA;NA;NA;TRUE
echinophyllia;NA;NA;NA;Cnidaria;Anthozoa;Hexacorallia;Scleractinia;Lobophylliidae;Echinophyllia;NA;TRUE
echinophyllia encroutant;NA;NA;NA;Cnidaria;Anthozoa;Hexacorallia;Scleractinia;Lobophylliidae;Echinophyllia;NA;TRUE
echinophyllia sp;NA;NA;NA;Cnidaria;Anthozoa;Hexacorallia;Scleractinia;Lobophylliidae;Echinophyllia;NA;TRUE
echinopora;NA;NA;NA;Cnidaria;Anthozoa;Hexacorallia;Scleractinia;Merulinidae;Echinopora;NA;TRUE
echinopora blanchi;NA;NA;Bleached;Cnidaria;Anthozoa;Hexacorallia;Scleractinia;Merulinidae;Echinopora;NA;TRUE
echinopora branching;NA;NA;NA;Cnidaria;Anthozoa;Hexacorallia;Scleractinia;Merulinidae;Echinopora;NA;TRUE
echinopora lamellosa;NA;NA;NA;Cnidaria;Anthozoa;Hexacorallia;Scleractinia;Merulinidae;Echinopora;Echinopora lamellosa;TRUE
echinopora other;NA;NA;NA;Cnidaria;Anthozoa;Hexacorallia;Scleractinia;Merulinidae;Echinopora;NA;TRUE
echinopora sp;NA;NA;NA;Cnidaria;Anthozoa;Hexacorallia;Scleractinia;Merulinidae;Echinopora;NA;TRUE
encrusting coral;Hard coral;NA;NA;NA;NA;NA;NA;NA;NA;NA;TRUE
encrusting hard coral;Hard coral;NA;NA;NA;NA;NA;NA;NA;NA;NA;TRUE
encrusting macroalga;Algae;Macroalgae;NA;NA;NA;NA;NA;NA;NA;NA;TRUE
eponges;NA;NA;NA;Porifera;NA;NA;NA;NA;NA;NA;TRUE
euphyllia sp;NA;NA;NA;Cnidaria;Anthozoa;Hexacorallia;Scleractinia;Euphyllidae;Euphyllia;NA;TRUE
euphyllidae;NA;NA;NA;Cnidaria;Anthozoa;Hexacorallia;Scleractinia;Euphyllidae;NA;NA;TRUE
eusmilia;NA;NA;NA;Cnidaria;Anthozoa;Hexacorallia;Scleractinia;Meandrinidae;Eusmilia;NA;TRUE
favia;NA;NA;NA;Cnidaria;Anthozoa;Hexacorallia;Scleractinia;Mussidae;Favia;NA;TRUE
favia sp;NA;NA;NA;Cnidaria;Anthozoa;Hexacorallia;Scleractinia;Mussidae;Favia;NA;TRUE
favia sp bleached;NA;NA;Bleached;Cnidaria;Anthozoa;Hexacorallia;Scleractinia;Mussidae;Favia;NA;TRUE
favia stelligera;NA;NA;NA;Cnidaria;Anthozoa;Hexacorallia;Scleractinia;Merulinidae;Goniastrea;Goniastrea stelligera;TRUE
favid;NA;NA;NA;Cnidaria;Anthozoa;Hexacorallia;Scleractinia;Faviidae;NA;NA;TRUE
faviidae encrusting massive and sub-massive;NA;NA;NA;Cnidaria;Anthozoa;Hexacorallia;Scleractinia;Faviidae;NA;NA;TRUE
faviids;NA;NA;NA;Cnidaria;Anthozoa;Hexacorallia;Scleractinia;Faviidae;NA;NA;TRUE
favites;NA;NA;NA;Cnidaria;Anthozoa;Hexacorallia;Scleractinia;Merulinidae;Favites;NA;TRUE
favites abdita;NA;NA;NA;Cnidaria;Anthozoa;Hexacorallia;Scleractinia;Merulinidae;Favites;Favites abdita;TRUE
favites blanchi;NA;NA;Bleached;Cnidaria;Anthozoa;Hexacorallia;Scleractinia;Merulinidae;Favites;NA;TRUE
favites massif;NA;NA;NA;Cnidaria;Anthozoa;Hexacorallia;Scleractinia;Merulinidae;Favites;NA;TRUE
favites pentagona;NA;NA;NA;Cnidaria;Anthozoa;Hexacorallia;Scleractinia;Merulinidae;Favites;Favites pentagona;TRUE
favites russelli;NA;NA;NA;Cnidaria;Anthozoa;Hexacorallia;Scleractinia;Merulinidae;Paragoniastrea;Paragoniastrea russelli;TRUE
favites sp;NA;NA;NA;Cnidaria;Anthozoa;Hexacorallia;Scleractinia;Merulinidae;Favites;NA;TRUE
favites sp bleached;NA;NA;Bleached;Cnidaria;Anthozoa;Hexacorallia;Scleractinia;Merulinidae;Favites;NA;TRUE
filamentous algae;Algae;NA;NA;NA;NA;NA;NA;NA;NA;NA;TRUE
filamentous macroalgae;Algae;Macroalgae;NA;NA;NA;NA;NA;NA;NA;NA;TRUE
fine sediment;Abiotic;Silt;NA;NA;NA;NA;NA;NA;NA;NA;TRUE
fleshy coralline algae;Algae;Coralline algae;NA;NA;NA;NA;NA;NA;NA;NA;TRUE
fleshy macroalgae;Algae;Macroalgae;NA;NA;NA;NA;NA;NA;NA;NA;TRUE
fleshy seaweed;Algae;NA;NA;NA;NA;NA;NA;NA;NA;NA;TRUE
foliose coral;Hard coral;NA;NA;NA;NA;NA;NA;NA;NA;NA;TRUE
foliose hard coral;Hard coral;NA;NA;NA;NA;NA;NA;NA;NA;NA;TRUE
free-living hard coral;Hard coral;NA;NA;NA;NA;NA;NA;NA;NA;NA;TRUE
fundiidae free-living;NA;NA;NA;Cnidaria;Anthozoa;Hexacorallia;Scleractinia;Fungiidae;NA;NA;TRUE
fungia;NA;NA;NA;Cnidaria;Anthozoa;Hexacorallia;Scleractinia;Fungiidae;Fungia;NA;TRUE
fungia concinna;NA;NA;NA;Cnidaria;Anthozoa;Hexacorallia;Scleractinia;Fungiidae;Lithophyllon;Lithophyllon concinna;TRUE
fungia fungites;NA;NA;NA;Cnidaria;Anthozoa;Hexacorallia;Scleractinia;Fungiidae;Fungia;Fungia fungites;TRUE
fungia solitaire;NA;NA;NA;Cnidaria;Anthozoa;Hexacorallia;Scleractinia;Fungiidae;Fungia;NA;TRUE
fungia sp;NA;NA;NA;Cnidaria;Anthozoa;Hexacorallia;Scleractinia;Fungiidae;Fungia;NA;TRUE
fungia sp bleached;NA;NA;NA;Cnidaria;Anthozoa;Hexacorallia;Scleractinia;Fungiidae;Fungia;NA;TRUE
fungiid;NA;NA;NA;Cnidaria;Anthozoa;Hexacorallia;Scleractinia;Fungiidae;NA;NA;TRUE
fungiidae encrusting and foliose;NA;NA;NA;Cnidaria;Anthozoa;Hexacorallia;Scleractinia;Fungiidae;NA;NA;TRUE
galaxaura sp;NA;NA;NA;Rhodophyta;Florideophyceae;Nemaliophycidae;Nemaliales;Galaxauraceae;Galaxaura;NA;TRUE
galaxea;NA;NA;NA;Cnidaria;Anthozoa;Hexacorallia;Scleractinia;Euphylliidae;Galaxea;NA;TRUE
galaxea blanchi;NA;NA;Bleached;Cnidaria;Anthozoa;Hexacorallia;Scleractinia;Euphylliidae;Galaxea;NA;TRUE
galaxea fascicularis;NA;NA;NA;Cnidaria;Anthozoa;Hexacorallia;Scleractinia;Euphylliidae;Galaxea;Galaxea fascicularis;TRUE
galaxea fascicularis bleached;NA;NA;Bleached;Cnidaria;Anthozoa;Hexacorallia;Scleractinia;Euphylliidae;Galaxea;Galaxea fascicularis;TRUE
galaxea sp;NA;NA;NA;Cnidaria;Anthozoa;Hexacorallia;Scleractinia;Euphylliidae;Galaxea;NA;TRUE
galaxea sub-massif;NA;NA;NA;Cnidaria;Anthozoa;Hexacorallia;Scleractinia;Euphylliidae;Galaxea;NA;TRUE
ganonema/liagora;NA;NA;NA;Rhodophyta;Florideophyceae;Nemaliophycidae;Nemaliales;Liagoraceae;NA;NA;TRUE
gardineroseris;NA;NA;NA;Cnidaria;Anthozoa;Hexacorallia;Scleractinia;Agariciidae;Gardineroseris;NA;TRUE
gardineroseris planulata bleached;NA;NA;Bleached;Cnidaria;Anthozoa;Hexacorallia;Scleractinia;Agariciidae;Gardineroseris;Gardineroseris planulata;TRUE
gardinoseris sub-massif;NA;NA;NA;Cnidaria;Anthozoa;Hexacorallia;Scleractinia;Agariciidae;Gardineroseris;NA;TRUE
gardneroseris;NA;NA;NA;Cnidaria;Anthozoa;Hexacorallia;Scleractinia;Agariciidae;Gardineroseris;NA;TRUE
gelidiopsis;NA;NA;NA;Rhodophyta;Florideophyceae;Rhodymeniophycidae;Rhodymeniales;Lomentariaceae;Gelidiopsis;NA;TRUE
giant clam;NA;NA;NA;Mollusca;Bivalvia;Autobranchia;Cardiida;Cardiidae;Tridacna;NA;TRUE
goniastrea;NA;NA;NA;Cnidaria;Anthozoa;Hexacorallia;Scleractinia;Merulinidae;Goniastrea;NA;TRUE
goniastrea blanchi;NA;NA;Bleached;Cnidaria;Anthozoa;Hexacorallia;Scleractinia;Merulinidae;Goniastrea;NA;TRUE
goniastrea edwardsi;NA;NA;NA;Cnidaria;Anthozoa;Hexacorallia;Scleractinia;Merulinidae;Goniastrea;Goniastrea edwardsi;TRUE
goniastrea edwardsi bleached;NA;NA;Bleached;Cnidaria;Anthozoa;Hexacorallia;Scleractinia;Merulinidae;Goniastrea;Goniastrea edwardsi;TRUE
goniastrea massif;NA;NA;NA;Cnidaria;Anthozoa;Hexacorallia;Scleractinia;Merulinidae;Goniastrea;NA;TRUE
goniastrea pectinata;NA;NA;NA;Cnidaria;Anthozoa;Hexacorallia;Scleractinia;Merulinidae;Goniastrea;Goniastrea pectinata;TRUE
goniastrea pectinata bleached;NA;NA;Bleached;Cnidaria;Anthozoa;Hexacorallia;Scleractinia;Merulinidae;Goniastrea;Goniastrea pectinata;TRUE
goniastrea retiformis;NA;NA;NA;Cnidaria;Anthozoa;Hexacorallia;Scleractinia;Merulinidae;Goniastrea;Goniastrea retiformis;TRUE
goniastrea retiformis bleached;NA;NA;Bleached;Cnidaria;Anthozoa;Hexacorallia;Scleractinia;Merulinidae;Goniastrea;Goniastrea retiformis;TRUE
goniastrea sp;NA;NA;NA;Cnidaria;Anthozoa;Hexacorallia;Scleractinia;Merulinidae;Goniastrea;NA;TRUE
goniastrea sp bleached;NA;NA;Bleached;Cnidaria;Anthozoa;Hexacorallia;Scleractinia;Merulinidae;Goniastrea;NA;TRUE
goniastrea stelligera;NA;NA;NA;Cnidaria;Anthozoa;Hexacorallia;Scleractinia;Merulinidae;Goniastrea;Goniastrea stelligera;TRUE
goniastrea stelligera bleached;NA;NA;Bleached;Cnidaria;Anthozoa;Hexacorallia;Scleractinia;Merulinidae;Goniastrea;Goniastrea stelligera;TRUE
goniopora;NA;NA;NA;Cnidaria;Anthozoa;Hexacorallia;Scleractinia;Poritidae;Goniopora;NA;TRUE
goniopora and alveopora;NA;NA;NA;Cnidaria;Anthozoa;Hexacorallia;Scleractinia;NA;NA;NA;TRUE
goniopora blanchi;NA;NA;Bleached;Cnidaria;Anthozoa;Hexacorallia;Scleractinia;Poritidae;Goniopora;NA;TRUE
goniopora fruticosa;NA;NA;NA;Cnidaria;Anthozoa;Hexacorallia;Scleractinia;Poritidae;Goniopora;Goniopora fruticosa;TRUE
goniopora massif;NA;NA;NA;Cnidaria;Anthozoa;Hexacorallia;Scleractinia;Poritidae;Goniopora;NA;TRUE
goniopora sp;NA;NA;NA;Cnidaria;Anthozoa;Hexacorallia;Scleractinia;Poritidae;Goniopora;NA;TRUE
goniopora/alveopora sp;NA;NA;NA;Cnidaria;Anthozoa;Hexacorallia;Scleractinia;NA;NA;NA;TRUE
green macroalgae;Algae;Macroalgae;NA;NA;NA;NA;NA;NA;NA;NA;TRUE
halimeda;NA;NA;NA;Chlorophyta;Ulvophyceae;NA;Bryopsidales;Halimedaceae;Halimeda;NA;TRUE
halimeda alg;NA;NA;NA;Chlorophyta;Ulvophyceae;NA;Bryopsidales;Halimedaceae;Halimeda;NA;TRUE
halimeda sp;NA;NA;NA;Chlorophyta;Ulvophyceae;NA;Bryopsidales;Halimedaceae;Halimeda;NA;TRUE
halomitra;NA;NA;NA;Cnidaria;Anthozoa;Hexacorallia;Scleractinia;Fungiidae;Halomitra;NA;TRUE
halophila;Seagrass;NA;NA;Tracheophyta;Magnoliopsida;NA;Alismatales;Hydrocharitaceae;Halophila;NA;TRUE
hard coral;Hard coral;NA;NA;NA;NA;NA;NA;NA;NA;NA;TRUE
hard coral - acropora cervicornis;NA;NA;NA;Cnidaria;Anthozoa;Hexacorallia;Scleractinia;Acroporidae;Acropora;Acropora cervicornis;TRUE
hard coral - acropora corymbose/tabular/plate;NA;NA;NA;Cnidaria;Anthozoa;Hexacorallia;Scleractinia;Acroporidae;Acropora;NA;TRUE
hard coral - acropora digitate;NA;NA;NA;Cnidaria;Anthozoa;Hexacorallia;Scleractinia;Acroporidae;Acropora;NA;TRUE
hard coral - acropora palmata;NA;NA;NA;Cnidaria;Anthozoa;Hexacorallia;Scleractinia;Acroporidae;Acropora;Acropora palmata;TRUE
hard coral - acroporidae branching;NA;NA;NA;Cnidaria;Anthozoa;Hexacorallia;Scleractinia;Acroporidae;Acropora;NA;TRUE
hard coral - acroporidae hispidose;NA;NA;NA;Cnidaria;Anthozoa;Hexacorallia;Scleractinia;Acroporidae;Acropora;NA;TRUE
hard coral - acroporidae plate/encrusting;NA;NA;NA;Cnidaria;Anthozoa;Hexacorallia;Scleractinia;Acroporidae;Acropora;NA;TRUE
hard coral - acroporidae table/corymbose/digitate;NA;NA;NA;Cnidaria;Anthozoa;Hexacorallia;Scleractinia;Acroporidae;Acropora;NA;TRUE
hard coral - agaricia/undaria/leptoseris spp;NA;NA;NA;Cnidaria;Anthozoa;Hexacorallia;Scleractinia;Agariciidae;NA;NA;TRUE
hard coral - bleached montipora;NA;NA;Bleached;Cnidaria;Anthozoa;Hexacorallia;Scleractinia;Acroporidae;Montipora;NA;TRUE
hard coral - bleached plate-encrusting porites;NA;NA;Bleached;Cnidaria;Anthozoa;Hexacorallia;Scleractinia;Poritidae;Porites;NA;TRUE
hard coral - bleached pocillopora;NA;NA;Bleached;Cnidaria;Anthozoa;Hexacorallia;Scleractinia;Pocilloporidae;Pocillopora;NA;TRUE
hard coral - bleached porites lobata/lutea;NA;NA;Bleached;Cnidaria;Anthozoa;Hexacorallia;Scleractinia;Poritidae;Porites;NA;TRUE
hard coral - bra: acropora bottlebrush;NA;NA;NA;Cnidaria;Anthozoa;Hexacorallia;Scleractinia;Acroporidae;Acropora;NA;TRUE
hard coral - bra: acropora branching;NA;NA;NA;Cnidaria;Anthozoa;Hexacorallia;Scleractinia;Acroporidae;Acropora;NA;TRUE
hard coral - bra: other;NA;NA;NA;Cnidaria;Anthozoa;Hexacorallia;Scleractinia;NA;NA;NA;TRUE
hard coral - branching bleached;NA;NA;Bleached;Cnidaria;Anthozoa;Hexacorallia;Scleractinia;NA;NA;NA;TRUE
hard coral - branching porites;NA;NA;NA;Cnidaria;Anthozoa;Hexacorallia;Scleractinia;Poritidae;Porites;NA;TRUE
hard coral - branching stylophora;NA;NA;NA;Cnidaria;Anthozoa;Hexacorallia;Scleractinia;Pocilloporidae;Stylophora;NA;TRUE
hard coral - colpophyllia natans;NA;NA;NA;Cnidaria;Anthozoa;Hexacorallia;Scleractinia;Mussidae;Colpophyllia;Colpophyllia natans;TRUE
hard coral - coral meandroid;NA;NA;NA;Cnidaria;Anthozoa;Hexacorallia;Scleractinia;NA;NA;NA;TRUE
hard coral - coral submassive;NA;NA;NA;Cnidaria;Anthozoa;Hexacorallia;Scleractinia;NA;NA;NA;TRUE
hard coral - diploria labyrinthiformis;NA;NA;NA;Cnidaria;Anthozoa;Hexacorallia;Scleractinia;Mussidae;Diploria;Diploria labyrinthiformis;TRUE
hard coral - diploria labyrinthiformis bleached;NA;NA;Bleached;Cnidaria;Anthozoa;Hexacorallia;Scleractinia;Mussidae;Diploria;Diploria labyrinthiformis;TRUE
hard coral - eusmilia fastigiata;NA;NA;NA;Cnidaria;Anthozoa;Hexacorallia;Scleractinia;Meandrinidae;Eusmilia;Eusmilia fastigiata;TRUE
hard coral - favidae-mussidae massive/meandroid;NA;NA;NA;Cnidaria;Anthozoa;Hexacorallia;Scleractinia;NA;NA;NA;TRUE
hard coral - fine branching nonacroporids seriatopora;NA;NA;NA;Cnidaria;Anthozoa;Hexacorallia;Scleractinia;NA;NA;NA;TRUE
hard coral - leptoseris;NA;NA;NA;Cnidaria;Anthozoa;Hexacorallia;Scleractinia;Agariciidae;Leptoseris;NA;TRUE
hard coral - madracis;NA;NA;NA;Cnidaria;Anthozoa;Hexacorallia;Scleractinia;Pocilloporidae;Madracis;NA;TRUE
hard coral - mase: isopora;NA;NA;NA;Cnidaria;Anthozoa;Hexacorallia;Scleractinia;Acroporidae;Isopora;NA;TRUE
hard coral - mase: large rounded polyps;NA;NA;NA;Cnidaria;Anthozoa;Hexacorallia;Scleractinia;NA;NA;NA;TRUE
hard coral - mase: lobophyllia;NA;NA;NA;Cnidaria;Anthozoa;Hexacorallia;Scleractinia;Lobophylliidae;Lobophyllia;NA;TRUE
hard coral - mase: meandering other;NA;NA;NA;Cnidaria;Anthozoa;Hexacorallia;Scleractinia;NA;NA;NA;TRUE
hard coral - mase: porites;NA;NA;NA;Cnidaria;Anthozoa;Hexacorallia;Scleractinia;Poritidae;Porites;NA;TRUE
hard coral - mase: small or invis polyps;NA;NA;NA;Cnidaria;Anthozoa;Hexacorallia;Scleractinia;NA;NA;NA;TRUE
hard coral - massive/submassive/encrusting bleached;NA;NA;Bleached;Cnidaria;Anthozoa;Hexacorallia;Scleractinia;NA;NA;NA;TRUE
hard coral - meandrina;NA;NA;NA;Cnidaria;Anthozoa;Hexacorallia;Scleractinia;Meandrinidae;Meandrina;NA;TRUE
hard coral - montastraea cavernosa;NA;NA;NA;Cnidaria;Anthozoa;Hexacorallia;Scleractinia;Montastraeidae;Montastraea;Montastraea cavernosa;TRUE
hard coral - montipora capitata morpho 1 plate;NA;NA;NA;Cnidaria;Anthozoa;Hexacorallia;Scleractinia;Acroporidae;Montipora;Montipora capitata;TRUE
hard coral - montipora capitata morpho 2 branching;NA;NA;NA;Cnidaria;Anthozoa;Hexacorallia;Scleractinia;Acroporidae;Montipora;Montipora capitata;TRUE
hard coral - montipora flabellata;NA;NA;NA;Cnidaria;Anthozoa;Hexacorallia;Scleractinia;Acroporidae;Montipora;Montipora flabellata;TRUE
hard coral - montipora patula;NA;NA;NA;Cnidaria;Anthozoa;Hexacorallia;Scleractinia;Acroporidae;Montipora;Montipora patula;TRUE
hard coral - non hermatypic: free living fungia etc;NA;NA;NA;Cnidaria;Anthozoa;Hexacorallia;Scleractinia;NA;NA;NA;TRUE
hard coral - orcbicella complex;NA;NA;NA;Cnidaria;Anthozoa;Hexacorallia;Scleractinia;Merulinidae;Orbicella;NA;TRUE
hard coral - orcbicella complex bleached;NA;NA;Bleached;Cnidaria;Anthozoa;Hexacorallia;Scleractinia;Merulinidae;Orbicella;NA;TRUE
hard coral - other acroporidae;NA;NA;NA;Cnidaria;Anthozoa;Hexacorallia;Scleractinia;Acroporidae;NA;NA;TRUE
hard coral - other branching genus: anacropora/echinopora/;NA;NA;NA;Cnidaria;Anthozoa;Hexacorallia;Scleractinia;NA;NA;NA;TRUE
hard coral - other hard coral;NA;NA;NA;Cnidaria;Anthozoa;Hexacorallia;Scleractinia;NA;NA;NA;TRUE
hard coral - pavona duerdeni;NA;NA;NA;Cnidaria;Anthozoa;Hexacorallia;Scleractinia;Agariciidae;Pavona;Pavona duerdeni;TRUE
hard coral - pavona varians;NA;NA;NA;Cnidaria;Anthozoa;Hexacorallia;Scleractinia;Agariciidae;Pavona;Pavona varians;TRUE
hard coral - pocillopora eydouxi;NA;NA;NA;Cnidaria;Anthozoa;Hexacorallia;Scleractinia;Pocilloporidae;Pocillopora;Pocillopora grandis;TRUE
hard coral - pocillopora meandrina/ligulata;NA;NA;NA;Cnidaria;Anthozoa;Hexacorallia;Scleractinia;Pocilloporidae;Pocillopora;NA;TRUE
hard coral - pocillopora species;NA;NA;NA;Cnidaria;Anthozoa;Hexacorallia;Scleractinia;Pocilloporidae;Pocillopora;NA;TRUE
hard coral - pocilloporidae;NA;NA;NA;Cnidaria;Anthozoa;Hexacorallia;Scleractinia;Pocilloporidae;NA;NA;TRUE
hard coral - porites astreoides;NA;NA;NA;Cnidaria;Anthozoa;Hexacorallia;Scleractinia;Poritidae;Porites;Porites astreoides;TRUE
hard coral - porites branching;NA;NA;NA;Cnidaria;Anthozoa;Hexacorallia;Scleractinia;Poritidae;Porites;NA;TRUE
hard coral - porites compressa morpho 2 fused branches;NA;NA;NA;Cnidaria;Anthozoa;Hexacorallia;Scleractinia;Poritidae;Porites;Porites compressa;TRUE
hard coral - porites lobata/lutea;NA;NA;NA;Cnidaria;Anthozoa;Hexacorallia;Scleractinia;Poritidae;Porites;NA;TRUE
hard coral - porites nodular branches;NA;NA;NA;Cnidaria;Anthozoa;Hexacorallia;Scleractinia;Poritidae;Porites;NA;TRUE
hard coral - porites rus/monticulosa;NA;NA;NA;Cnidaria;Anthozoa;Hexacorallia;Scleractinia;Poritidae;Porites;NA;TRUE
hard coral - poritidae branching;NA;NA;NA;Cnidaria;Anthozoa;Hexacorallia;Scleractinia;Poritidae;NA;NA;TRUE
hard coral - poritidae encrusting;NA;NA;NA;Cnidaria;Anthozoa;Hexacorallia;Scleractinia;Poritidae;NA;NA;TRUE
hard coral - poritidae massive;NA;NA;NA;Cnidaria;Anthozoa;Hexacorallia;Scleractinia;Poritidae;NA;NA;TRUE
hard coral - porties compressa mopho 1 fingres;NA;NA;NA;Cnidaria;Anthozoa;Hexacorallia;Scleractinia;Poritidae;Porites;Porites compressa;TRUE
hard coral - pseudodiploria bleached;NA;NA;Bleached;Cnidaria;Anthozoa;Hexacorallia;Scleractinia;Faviinae;Pseudodiploria;NA;TRUE
hard coral - pseudodiploria sp;NA;NA;NA;Cnidaria;Anthozoa;Hexacorallia;Scleractinia;Faviinae;Pseudodiploria;NA;TRUE
hard coral - siderastrea siderea;NA;NA;NA;Cnidaria;Anthozoa;Hexacorallia;Scleractinia;Siderastreidae;Siderastrea;Siderastrea siderea;TRUE
hard coral - tfp: porites;NA;NA;NA;Cnidaria;Anthozoa;Hexacorallia;Scleractinia;Poritidae;Porites;NA;TRUE
hard coral - tfp: visible relief structures;NA;NA;NA;Cnidaria;Anthozoa;Hexacorallia;NA;NA;NA;NA;TRUE
hard coral - tfp: visible round corallites;NA;NA;NA;Cnidaria;Anthozoa;Hexacorallia;NA;NA;NA;NA;TRUE
hard coral - undaria tenuifoila;NA;NA;NA;Cnidaria;Anthozoa;Hexacorallia;Scleractinia;Agariciidae;Agaricia;Agaricia tenuifolia;TRUE
hard coral bleached;Hard coral;NA;Bleached;NA;NA;NA;NA;NA;NA;NA;TRUE
hard coral dead;Abiotic;NA;NA;NA;NA;NA;NA;NA;NA;NA;TRUE
hard substrate;Abiotic;NA;NA;NA;NA;NA;NA;NA;NA;NA;TRUE
hardcoral;Hard coral;NA;NA;NA;NA;NA;NA;NA;NA;NA;TRUE
heliopora;NA;NA;NA;Cnidaria;Anthozoa;Octocorallia;Scleralcyonacea;Helioporidae;Heliopora;NA;TRUE
heliopora coerulea;NA;NA;NA;Cnidaria;Anthozoa;Octocorallia;Scleralcyonacea;Helioporidae;Heliopora;Heliopora coerulea;TRUE
heliopora sp;NA;NA;NA;Cnidaria;Anthozoa;Octocorallia;Scleralcyonacea;Helioporidae;Heliopora;NA;TRUE
herpolitha;NA;NA;NA;Cnidaria;Anthozoa;Hexacorallia;Scleractinia;Fungiidae;Herpolitha;NA;TRUE
herpolitha limax;NA;NA;NA;Cnidaria;Anthozoa;Hexacorallia;Scleractinia;Fungiidae;Herpolitha;Herpolitha limax;TRUE
hydnophora;NA;NA;NA;Cnidaria;Anthozoa;Hexacorallia;Scleractinia;Merulinidae;Hydnophora;NA;TRUE
hydnophora blanchi;NA;NA;Bleached;Cnidaria;Anthozoa;Hexacorallia;Scleractinia;Merulinidae;Hydnophora;NA;TRUE
hydnophora branching and paraclavarina;NA;NA;NA;Cnidaria;Anthozoa;Hexacorallia;Scleractinia;Merulinidae;Hydnophora;NA;TRUE
hydnophora branchu;NA;NA;NA;Cnidaria;Anthozoa;Hexacorallia;Scleractinia;Merulinidae;Hydnophora;NA;TRUE
hydnophora encroutant;NA;NA;NA;Cnidaria;Anthozoa;Hexacorallia;Scleractinia;Merulinidae;Hydnophora;NA;TRUE
hydnophora exesa;NA;NA;NA;Cnidaria;Anthozoa;Hexacorallia;Scleractinia;Merulinidae;Hydnophora;Hydnophora exesa;TRUE
hydnophora microconos;NA;NA;NA;Cnidaria;Anthozoa;Hexacorallia;Scleractinia;Merulinidae;Hydnophora;Hydnophora microconos;TRUE
hydnophora microconos bleached;NA;NA;Bleached;Cnidaria;Anthozoa;Hexacorallia;Scleractinia;Merulinidae;Hydnophora;Hydnophora microconos;TRUE
hydnophora other;NA;NA;NA;Cnidaria;Anthozoa;Hexacorallia;Scleractinia;Merulinidae;Hydnophora;NA;TRUE
hydnophora sp;NA;NA;NA;Cnidaria;Anthozoa;Hexacorallia;Scleractinia;Merulinidae;Hydnophora;NA;TRUE
hydrocoral;NA;NA;NA;Cnidaria;Hydrozoa;Hydroidolina;Anthoathecata;NA;NA;NA;TRUE
indeterminate;NA;NA;NA;NA;NA;NA;NA;NA;NA;NA;TRUE
invertebrate;Other fauna;NA;NA;NA;NA;NA;NA;NA;NA;NA;TRUE
invertebrates - other;Other fauna;NA;NA;NA;NA;NA;NA;NA;NA;NA;TRUE
isophyllia;NA;NA;NA;Cnidaria;Anthozoa;Hexacorallia;Scleractinia;Mussidae;Isophyllia;NA;TRUE
isopora;NA;NA;NA;Cnidaria;Anthozoa;Hexacorallia;Scleractinia;Acroporidae;Isopora;NA;TRUE
isopora blanchi;NA;NA;Bleached;Cnidaria;Anthozoa;Hexacorallia;Scleractinia;Acroporidae;Isopora;NA;TRUE
isopora crateriformis;NA;NA;NA;Cnidaria;Anthozoa;Hexacorallia;Scleractinia;Acroporidae;Isopora;Isopora crateriformis;TRUE
isopora crateriformis bleached;NA;NA;Bleached;Cnidaria;Anthozoa;Hexacorallia;Scleractinia;Acroporidae;Isopora;Isopora crateriformis;TRUE
isopora encrusting;NA;NA;NA;Cnidaria;Anthozoa;Hexacorallia;Scleractinia;Acroporidae;Isopora;NA;TRUE
isopora sp;NA;NA;NA;Cnidaria;Anthozoa;Hexacorallia;Scleractinia;Acroporidae;Isopora;NA;TRUE
isopora sub-massif;NA;NA;NA;Cnidaria;Anthozoa;Hexacorallia;Scleractinia;Acroporidae;Isopora;NA;TRUE
isopora sub-massive;NA;NA;NA;Cnidaria;Anthozoa;Hexacorallia;Scleractinia;Acroporidae;Isopora;NA;TRUE
leptastrea;NA;NA;NA;Cnidaria;Anthozoa;Hexacorallia;Scleractinia;Leptastreidae;Leptastrea;NA;TRUE
leptastrea bewickensis;NA;NA;NA;Cnidaria;Anthozoa;Hexacorallia;Scleractinia;Leptastreidae;Leptastrea;Leptastrea bewickensis;TRUE
leptastrea bewickensis bleached;NA;NA;Bleached;Cnidaria;Anthozoa;Hexacorallia;Scleractinia;Leptastreidae;Leptastrea;Leptastrea bewickensis;TRUE
leptastrea massif;NA;NA;NA;Cnidaria;Anthozoa;Hexacorallia;Scleractinia;Leptastreidae;Leptastrea;NA;TRUE
leptastrea pruinosa;NA;NA;NA;Cnidaria;Anthozoa;Hexacorallia;Scleractinia;NA;Leptastrea;Leptastrea pruinosa;TRUE
leptastrea purpurea;NA;NA;NA;Cnidaria;Anthozoa;Hexacorallia;Scleractinia;Leptastreidae;Leptastrea;Leptastrea purpurea;TRUE
leptastrea purpurea bleached;NA;NA;Bleached;Cnidaria;Anthozoa;Hexacorallia;Scleractinia;Leptastreidae;Leptastrea;Leptastrea purpurea;TRUE
leptastrea sp;NA;NA;NA;Cnidaria;Anthozoa;Hexacorallia;Scleractinia;Leptastreidae;Leptastrea;NA;TRUE
leptastrea sp bleached;NA;NA;Bleached;Cnidaria;Anthozoa;Hexacorallia;Scleractinia;Leptastreidae;Leptastrea;NA;TRUE
leptastrea transversa;NA;NA;NA;Cnidaria;Anthozoa;Hexacorallia;Scleractinia;Leptastreidae;Leptastrea;Leptastrea transversa;TRUE
leptastrea transversa bleached;NA;NA;Bleached;Cnidaria;Anthozoa;Hexacorallia;Scleractinia;Leptastreidae;Leptastrea;Leptastrea transversa;TRUE
leptoria;NA;NA;NA;Cnidaria;Anthozoa;Hexacorallia;Scleractinia;Merulinidae;Leptoria;NA;TRUE
leptoria blanchi;NA;NA;Bleached;Cnidaria;Anthozoa;Hexacorallia;Scleractinia;Merulinidae;Leptoria;NA;TRUE
leptoria massif;NA;NA;NA;Cnidaria;Anthozoa;Hexacorallia;Scleractinia;Merulinidae;Leptoria;NA;TRUE
leptoria phrygia;NA;NA;NA;Cnidaria;Anthozoa;Hexacorallia;Scleractinia;Merulinidae;Leptoria;Leptoria phrygia;TRUE
leptoria phrygia bleached;NA;NA;Bleached;Cnidaria;Anthozoa;Hexacorallia;Scleractinia;Merulinidae;Leptoria;Leptoria phrygia;TRUE
leptoria sp;NA;NA;NA;Cnidaria;Anthozoa;Hexacorallia;Scleractinia;Merulinidae;Leptoria;NA;TRUE
leptoseris;NA;NA;NA;Cnidaria;Anthozoa;Hexacorallia;Scleractinia;Agariciidae;Leptoseris;NA;TRUE
leptoseris incrustans;NA;NA;NA;Cnidaria;Anthozoa;Hexacorallia;Scleractinia;Agariciidae;Leptoseris;Leptoseris incrustans;TRUE
leptoseris mycetoseroides;NA;NA;NA;Cnidaria;Anthozoa;Hexacorallia;Scleractinia;Agariciidae;Leptoseris;Leptoseris mycetoseroides;TRUE
leptoseris mycetoseroides bleached;NA;NA;Bleached;Cnidaria;Anthozoa;Hexacorallia;Scleractinia;Agariciidae;Leptoseris;Leptoseris mycetoseroides;TRUE
leptoseris sp;NA;NA;NA;Cnidaria;Anthozoa;Hexacorallia;Scleractinia;Agariciidae;Leptoseris;NA;TRUE
live rock;Abiotic;Rock;NA;NA;NA;NA;NA;NA;NA;NA;TRUE
live soft coral;NA;NA;NA;Cnidaria;Anthozoa;Octocorallia;Alcyonacea;NA;NA;NA;TRUE
living coral;Hard coral;NA;NA;NA;NA;NA;NA;NA;NA;NA;TRUE
lobactis scutaria;NA;NA;NA;Cnidaria;Anthozoa;Hexacorallia;Scleractinia;Fungiidae;Lobactis;Lobactis scutaria;TRUE
lobophora;NA;NA;NA;NA;Phaeophyceae;NA;Dictyotales;Dictyotaceae;Lobophora;NA;TRUE
lobophora sp;NA;NA;NA;NA;Phaeophyceae;NA;Dictyotales;Dictyotaceae;Lobophora;NA;TRUE
lobophyllia;NA;NA;NA;Cnidaria;Anthozoa;Hexacorallia;Scleractinia;Lobophylliidae;Lobophyllia;NA;TRUE
lobophyllia hemprichii;NA;NA;NA;Cnidaria;Anthozoa;Hexacorallia;Scleractinia;Lobophylliidae;Lobophyllia;Lobophyllia hemprichii;TRUE
lobophyllia massif;NA;NA;NA;Cnidaria;Anthozoa;Hexacorallia;Scleractinia;Lobophylliidae;Lobophyllia;NA;TRUE
lobophyllia sp;NA;NA;NA;Cnidaria;Anthozoa;Hexacorallia;Scleractinia;Lobophylliidae;Lobophyllia;NA;TRUE
lobophyllia/symphyllia sp;NA;NA;NA;Cnidaria;Anthozoa;Hexacorallia;Scleractinia;Lobophylliidae;Lobophyllia;NA;TRUE
lobophytum;NA;NA;NA;Cnidaria;Anthozoa;Octocorallia;Malacalcyonacea;Alcyoniidae;Lobophytum;NA;TRUE
lopophylia;NA;NA;NA;Cnidaria;Anthozoa;Hexacorallia;Scleractinia;Lobophylliidae;Lobophyllia;NA;TRUE
macro algue molle;Algae;Macroalgae;NA;NA;NA;NA;NA;NA;NA;NA;TRUE
macro-algues;Algae;Macroalgae;NA;NA;NA;NA;NA;NA;NA;NA;TRUE
macroalgae;Algae;Macroalgae;NA;NA;NA;NA;NA;NA;NA;NA;TRUE
macroalgae and turf;Algae;NA;NA;NA;NA;NA;NA;NA;NA;NA;TRUE
madracis;NA;NA;NA;Cnidaria;Anthozoa;Hexacorallia;Scleractinia;Pocilloporidae;Madracis;NA;TRUE
manicina;NA;NA;NA;Cnidaria;Anthozoa;Hexacorallia;Scleractinia;Mussidae;Manicina;NA;TRUE
massive coral;Hard coral;NA;NA;NA;NA;NA;NA;NA;NA;NA;TRUE
massive hard coral;Hard coral;NA;NA;NA;NA;NA;NA;NA;NA;NA;TRUE
meandrina;NA;NA;NA;Cnidaria;Anthozoa;Hexacorallia;Scleractinia;Meandrinidae;Meandrina;NA;TRUE
merulina;NA;NA;NA;Cnidaria;Anthozoa;Hexacorallia;Scleractinia;Merulinidae;Merulina;NA;TRUE
merulina ampliata;NA;NA;NA;Cnidaria;Anthozoa;Hexacorallia;Scleractinia;Merulinidae;Merulina;Merulina ampliata;TRUE
merulina and scaphophyllia;NA;NA;NA;Cnidaria;Anthozoa;Hexacorallia;Scleractinia;Merulinidae;Merulina;NA;TRUE
merulina blanchi;NA;NA;Bleached;Cnidaria;Anthozoa;Hexacorallia;Scleractinia;Merulinidae;Merulina;NA;TRUE
merulina encroutant;NA;NA;NA;Cnidaria;Anthozoa;Hexacorallia;Scleractinia;Merulinidae;Merulina;NA;TRUE
merulina sp;NA;NA;NA;Cnidaria;Anthozoa;Hexacorallia;Scleractinia;Merulinidae;Merulina;NA;TRUE
microbial mats;NA;NA;NA;Cyanobacteria;NA;NA;NA;NA;NA;NA;TRUE
microbial mats cynobacteria;NA;NA;NA;Cyanobacteria;NA;NA;NA;NA;NA;NA;TRUE
microdictyon sp;NA;NA;NA;Chlorophyta;Ulvophyceae;NA;Cladophorales;Anadyomenaceae;Microdictyon;NA;TRUE
millepora;NA;NA;NA;Cnidaria;Hydrozoa;Hydroidolina;Anthoathecata;Milleporidae;Millepora;NA;TRUE
millepora branching;NA;NA;NA;Cnidaria;Hydrozoa;Hydroidolina;Anthoathecata;Milleporidae;Millepora;NA;TRUE
millepora encrusting;NA;NA;NA;Cnidaria;Hydrozoa;Hydroidolina;Anthoathecata;Milleporidae;Millepora;NA;TRUE
millepora exaesa;NA;NA;NA;Cnidaria;Hydrozoa;Hydroidolina;Anthoathecata;Milleporidae;Millepora;Millepora exaesa;TRUE
millepora sp;NA;NA;NA;Cnidaria;Hydrozoa;Hydroidolina;Anthoathecata;Milleporidae;Millepora;NA;TRUE
mobile fauna;Other fauna;NA;NA;NA;NA;NA;NA;NA;NA;NA;TRUE
montastraea sp;NA;NA;NA;Cnidaria;Anthozoa;Hexacorallia;Scleractinia;Montastraeidae;Montastraea;NA;TRUE
montastrea;NA;NA;NA;Cnidaria;Anthozoa;Hexacorallia;Scleractinia;Montastraeidae;Montastraea;NA;TRUE
montastrea cavernosa;NA;NA;NA;Cnidaria;Anthozoa;Hexacorallia;Scleractinia;Montastraeidae;Montastraea;Montastraea cavernosa;TRUE
montipora;NA;NA;NA;Cnidaria;Anthozoa;Hexacorallia;Scleractinia;Acroporidae;Montipora;NA;TRUE
montipora aequituberculata;NA;NA;NA;Cnidaria;Anthozoa;Hexacorallia;Scleractinia;Acroporidae;Montipora;Montipora aequituberculata;TRUE
montipora blanchi;NA;NA;Bleached;Cnidaria;Anthozoa;Hexacorallia;Scleractinia;Acroporidae;Montipora;NA;TRUE
montipora branching;NA;NA;NA;Cnidaria;Anthozoa;Hexacorallia;Scleractinia;Acroporidae;Montipora;NA;TRUE
montipora capitata;NA;NA;NA;Cnidaria;Anthozoa;Hexacorallia;Scleractinia;Acroporidae;Montipora;Montipora capitata;TRUE
montipora capitata bleached;NA;NA;Bleached;Cnidaria;Anthozoa;Hexacorallia;Scleractinia;Acroporidae;Montipora;Montipora capitata;TRUE
montipora crassituberculata;NA;NA;NA;Cnidaria;Anthozoa;Hexacorallia;Scleractinia;Acroporidae;Montipora;Montipora crassituberculata;TRUE
montipora danae;NA;NA;NA;Cnidaria;Anthozoa;Hexacorallia;Scleractinia;Acroporidae;Montipora;Montipora danae;TRUE
montipora efflorescens;NA;NA;NA;Cnidaria;Anthozoa;Hexacorallia;Scleractinia;Acroporidae;Montipora;Montipora efflorescens;TRUE
montipora effusa;NA;NA;NA;Cnidaria;Anthozoa;Hexacorallia;Scleractinia;Acroporidae;Montipora;NA;TRUE
montipora encroutant;NA;NA;NA;Cnidaria;Anthozoa;Hexacorallia;Scleractinia;Acroporidae;Montipora;NA;TRUE
montipora encrusting;NA;NA;NA;Cnidaria;Anthozoa;Hexacorallia;Scleractinia;Acroporidae;Montipora;NA;TRUE
montipora encrusting massive and sub-massive;NA;NA;NA;Cnidaria;Anthozoa;Hexacorallia;Scleractinia;Acroporidae;Montipora;NA;TRUE
montipora flabellata;NA;NA;NA;Cnidaria;Anthozoa;Hexacorallia;Scleractinia;Acroporidae;Montipora;Montipora flabellata;TRUE
montipora flabellata bleached;NA;NA;Bleached;Cnidaria;Anthozoa;Hexacorallia;Scleractinia;Acroporidae;Montipora;Montipora flabellata;TRUE
montipora foliose;NA;NA;NA;Cnidaria;Anthozoa;Hexacorallia;Scleractinia;Acroporidae;Montipora;NA;TRUE
montipora foveolata;NA;NA;NA;Cnidaria;Anthozoa;Hexacorallia;Scleractinia;Acroporidae;Montipora;Montipora foveolata;TRUE
montipora grisea;NA;NA;NA;Cnidaria;Anthozoa;Hexacorallia;Scleractinia;Acroporidae;Montipora;Montipora grisea;TRUE
montipora grisea bleached;NA;NA;Bleached;Cnidaria;Anthozoa;Hexacorallia;Scleractinia;Acroporidae;Montipora;Montipora grisea;TRUE
montipora informis;NA;NA;NA;Cnidaria;Anthozoa;Hexacorallia;Scleractinia;Acroporidae;Montipora;Montipora informis;TRUE
montipora nodosa;NA;NA;NA;Cnidaria;Anthozoa;Hexacorallia;Scleractinia;Acroporidae;Montipora;Montipora nodosa;TRUE
montipora nodosa bleached;NA;NA;Bleached;Cnidaria;Anthozoa;Hexacorallia;Scleractinia;Acroporidae;Montipora;Montipora nodosa;TRUE
montipora non-encrusting;NA;NA;NA;Cnidaria;Anthozoa;Hexacorallia;Scleractinia;Acroporidae;Montipora;NA;TRUE
montipora patula;NA;NA;NA;Cnidaria;Anthozoa;Hexacorallia;Scleractinia;Acroporidae;Montipora;Montipora patula;TRUE
montipora patula bleached;NA;NA;Bleached;Cnidaria;Anthozoa;Hexacorallia;Scleractinia;Acroporidae;Montipora;Montipora patula;TRUE
montipora peltiformis;NA;NA;NA;Cnidaria;Anthozoa;Hexacorallia;Scleractinia;Acroporidae;Montipora;Montipora peltiformis;TRUE
montipora sp;NA;NA;NA;Cnidaria;Anthozoa;Hexacorallia;Scleractinia;Acroporidae;Montipora;NA;TRUE
montipora sp bleached;NA;NA;Bleached;Cnidaria;Anthozoa;Hexacorallia;Scleractinia;Acroporidae;Montipora;NA;TRUE
montipora sub-massif;NA;NA;NA;Cnidaria;Anthozoa;Hexacorallia;Scleractinia;Acroporidae;Montipora;NA;TRUE
montipora tuberculosa;NA;NA;NA;Cnidaria;Anthozoa;Hexacorallia;Scleractinia;Acroporidae;Montipora;Montipora tuberculosa;TRUE
montipora tuberculosa bleached;NA;NA;Bleached;Cnidaria;Anthozoa;Hexacorallia;Scleractinia;Acroporidae;Montipora;Montipora tuberculosa;TRUE
montipora turgescens;NA;NA;NA;Cnidaria;Anthozoa;Hexacorallia;Scleractinia;Acroporidae;Montipora;Montipora turgescens;TRUE
montipora turgescens bleached;NA;NA;Bleached;Cnidaria;Anthozoa;Hexacorallia;Scleractinia;Acroporidae;Montipora;Montipora turgescens;TRUE
montipora venosa;NA;NA;NA;Cnidaria;Anthozoa;Hexacorallia;Scleractinia;Acroporidae;Montipora;Montipora venosa;TRUE
montipora verrucosa;NA;NA;NA;Cnidaria;Anthozoa;Hexacorallia;Scleractinia;Acroporidae;Montipora;Montipora verrucosa;TRUE
montipora verrucosa bleached;NA;NA;Bleached;Cnidaria;Anthozoa;Hexacorallia;Scleractinia;Acroporidae;Montipora;Montipora verrucosa;TRUE
mud;Abiotic;Silt;NA;NA;NA;NA;NA;NA;NA;NA;TRUE
mussa;NA;NA;NA;Cnidaria;Anthozoa;Hexacorallia;Scleractinia;Mussidae;Mussa;NA;TRUE
mussidae;NA;NA;NA;Cnidaria;Anthozoa;Hexacorallia;Scleractinia;Mussidae;NA;NA;TRUE
mycedium;NA;NA;NA;Cnidaria;Anthozoa;Hexacorallia;Scleractinia;Merulinidae;Mycedium;NA;TRUE
mycedium foliaire;NA;NA;NA;Cnidaria;Anthozoa;Hexacorallia;Scleractinia;Merulinidae;Mycedium;NA;TRUE
mycedium sp;NA;NA;NA;Cnidaria;Anthozoa;Hexacorallia;Scleractinia;Merulinidae;Mycedium;NA;TRUE
mycetopohyllia;NA;NA;NA;Cnidaria;Anthozoa;Hexacorallia;Scleractinia;Faviidae;Mycetophyllia;NA;TRUE
napopora;NA;NA;NA;Cnidaria;Anthozoa;Hexacorallia;Scleractinia;Poritidae;Porites;NA;TRUE
neomeris sp;NA;NA;NA;Annelida;Polychaeta;Sedentaria;NA;Opheliidae;Ophelia;NA;TRUE
nephtea;NA;NA;NA;Cnidaria;Anthozoa;Octocorallia;Malacalcyonacea;Nephtheidae;Litophyton;NA;TRUE
non-acropora branching;Hard coral;NA;NA;NA;NA;NA;NA;NA;NA;NA;TRUE
non-acropora coral branching and foliose;Hard coral;NA;NA;NA;NA;NA;NA;NA;NA;NA;TRUE
non-acropora coral encrusting;Hard coral;NA;NA;NA;NA;NA;NA;NA;NA;NA;TRUE
non-acropora coral massive and sub-massive;Hard coral;NA;NA;NA;NA;NA;NA;NA;NA;NA;TRUE
non-acropora encrusting;Hard coral;NA;NA;NA;NA;NA;NA;NA;NA;NA;TRUE
non-acropora foliose;Hard coral;NA;NA;NA;NA;NA;NA;NA;NA;NA;TRUE
non-acropora massive;Hard coral;NA;NA;NA;NA;NA;NA;NA;NA;NA;TRUE
non-acropora submassive;Hard coral;NA;NA;NA;NA;NA;NA;NA;NA;NA;TRUE
non-scleractinian hard coral;Hard coral;NA;NA;NA;NA;NA;NA;NA;NA;NA;TRUE
nutrient indicator algae;Algae;NA;NA;NA;NA;NA;NA;NA;NA;NA;TRUE
octocoral;NA;NA;NA;Cnidaria;Anthozoa;Octocorallia;NA;NA;NA;NA;TRUE
oculinidae;NA;NA;NA;Cnidaria;Anthozoa;Hexacorallia;Scleractinia;Oculinidae;NA;NA;TRUE
orbicella;NA;NA;NA;Cnidaria;Anthozoa;Hexacorallia;Scleractinia;Merulinidae;Orbicella;NA;TRUE
other;NA;NA;NA;NA;NA;NA;NA;NA;NA;NA;TRUE
other - fish;NA;NA;NA;NA;NA;NA;NA;NA;NA;NA;TRUE
other - fishing gear;NA;NA;NA;NA;NA;NA;NA;NA;NA;NA;TRUE
other - loose substrate: sand;Abiotic;Sand;NA;NA;NA;NA;NA;NA;NA;NA;TRUE
other - loose substrate: sediment;Abiotic;NA;NA;NA;NA;NA;NA;NA;NA;NA;TRUE
other - other;NA;NA;NA;NA;NA;NA;NA;NA;NA;NA;TRUE
other - sand;Abiotic;Sand;NA;NA;NA;NA;NA;NA;NA;NA;TRUE
other - sand unconsolidated reef sediment;Abiotic;NA;NA;NA;NA;NA;NA;NA;NA;NA;TRUE
other - seagrass;Seagrass;NA;NA;NA;NA;NA;NA;NA;NA;NA;TRUE
other - terrigenous sediments;Abiotic;NA;NA;NA;NA;NA;NA;NA;NA;NA;TRUE
other - transect hardware;NA;NA;NA;NA;NA;NA;NA;NA;NA;NA;TRUE
other - trash: human origin;NA;NA;NA;NA;NA;NA;NA;NA;NA;NA;TRUE
other - unknown;NA;NA;NA;NA;NA;NA;NA;NA;NA;NA;TRUE
other - volcanic sediment;Abiotic;NA;NA;NA;NA;NA;NA;NA;NA;NA;TRUE
other invertebrate;Other fauna;NA;NA;NA;NA;NA;NA;NA;NA;NA;TRUE
other invertebrates;Other fauna;NA;NA;NA;NA;NA;NA;NA;NA;NA;TRUE
other invertebrates - aplysina fistularis;NA;NA;NA;Porifera;Demospongiae;Verongimorpha;Verongiida;Aplysinidae;Aplysina;Aplysina fistularis;TRUE
other invertebrates - callyspongia vaginalis;NA;NA;NA;Porifera;Demospongiae;Heteroscleromorpha;Haplosclerida;Callyspongiidae;Callyspongia;Callyspongia vaginalis;TRUE
other invertebrates - cliona viridis complex;NA;NA;NA;Porifera;Demospongiae;Heteroscleromorpha;NA;Clionaidae;Cliona;Cliona viridis;TRUE
other invertebrates - crinoids;NA;NA;NA;Echinodermata;Crinoidea;NA;NA;NA;NA;NA;TRUE
other invertebrates - crown of thorns sea star;NA;NA;NA;Echinodermata;Asteroidea;Ambuloasteroidea;Valvatida;Acanthasteridae;NA;NA;TRUE
other invertebrates - diadema/ehinothix;NA;NA;NA;Echinodermata;Echinoidea;Euechinoidea;Diadematoida;Diadematidae;NA;NA;TRUE
other invertebrates - echinometra;NA;NA;NA;Echinodermata;Echinoidea;Euechinoidea;Camarodonta;Echinometridae;Echinometra;NA;TRUE
other invertebrates - encrusting cliona spp;NA;NA;NA;Porifera;Demospongiae;Heteroscleromorpha;NA;Clionaidae;Cliona;NA;TRUE
other invertebrates - encrusting sponges;NA;NA;NA;Porifera;NA;NA;NA;NA;NA;NA;TRUE
other invertebrates - erect sponges;NA;NA;NA;Porifera;NA;NA;NA;NA;NA;NA;TRUE
other invertebrates - hydroids feathery types;NA;NA;NA;Cnidaria;Hydrozoa;NA;NA;NA;NA;NA;TRUE
other invertebrates - individual tunicates;NA;NA;NA;Chordata;NA;NA;NA;NA;NA;NA;TRUE
other invertebrates - ircinia sp;NA;NA;NA;Porifera;Demospongiae;Keratosa;Dictyoceratida;Irciniidae;NA;NA;TRUE
other invertebrates - massive or encrusting sponges;NA;NA;NA;Porifera;NA;NA;NA;NA;NA;NA;TRUE
other invertebrates - massive sponges;NA;NA;NA;Porifera;NA;NA;NA;NA;NA;NA;TRUE
other invertebrates - millepora;NA;NA;NA;Cnidaria;Hydrozoa;Hydroidolina;Anthoathecata;Milleporidae;Millepora;NA;TRUE
other invertebrates - millepora bleached;NA;NA;Bleached;Cnidaria;Hydrozoa;Hydroidolina;Anthoathecata;Milleporidae;Millepora;NA;TRUE
other invertebrates - non hermatypic: millepora;NA;NA;NA;Cnidaria;Hydrozoa;Hydroidolina;Anthoathecata;Milleporidae;Millepora;NA;TRUE
other invertebrates - other invertebrates;Other fauna;NA;NA;NA;NA;NA;NA;NA;NA;NA;TRUE
other invertebrates - other sesile invertebrates bryozoa clams;Other fauna;NA;NA;NA;NA;NA;NA;NA;NA;NA;TRUE
other invertebrates - other sesile invertebrates soft hexacorrallia;Other fauna;NA;NA;NA;NA;NA;NA;NA;NA;NA;TRUE
other invertebrates - other sessile invertebrates;Other fauna;NA;NA;NA;NA;NA;NA;NA;NA;NA;TRUE
other invertebrates - other sponges;NA;NA;NA;Porifera;NA;NA;NA;NA;NA;NA;TRUE
other invertebrates - rope sponges;NA;NA;NA;Porifera;NA;NA;NA;NA;NA;NA;TRUE
other invertebrates - sea cucumbers/sea urchins/sea stars/lobster;Other fauna;NA;NA;NA;NA;NA;NA;NA;NA;NA;TRUE
other invertebrates - sponges: branching/rope forms;NA;NA;NA;Porifera;NA;NA;NA;NA;NA;NA;TRUE
other invertebrates - sponges: fan shaped forms;NA;NA;NA;Porifera;NA;NA;NA;NA;NA;NA;TRUE
other invertebrates - sponges: hollow sponge forms/cups/barrels/tub;NA;NA;NA;Porifera;NA;NA;NA;NA;NA;NA;TRUE
other invertebrates - tripneustes;NA;NA;NA;Echinodermata;Echinoidea;Euechinoidea;Temnopleuroida;Toxopneustidae;Tripneustes;NA;TRUE
other invertebrates - tube sponges;NA;NA;NA;Porifera;NA;NA;NA;NA;NA;NA;TRUE
other invertebrates - xestospongia muta;NA;NA;NA;Porifera;Demospongiae;Heteroscleromorpha;Haplosclerida;Petrosiidae;Xestospongia;Xestospongia muta;TRUE
other macroalgae;Algae;Macroalgae;NA;NA;NA;NA;NA;NA;NA;NA;TRUE
other organisms;NA;NA;NA;NA;NA;NA;NA;NA;NA;NA;TRUE
others;NA;NA;NA;NA;NA;NA;NA;NA;NA;NA;TRUE
oulophyllia sp;NA;NA;NA;Cnidaria;Anthozoa;Hexacorallia;Scleractinia;Merulinidae;Oulophyllia;NA;TRUE
oxipora encroutant;NA;NA;NA;Cnidaria;Anthozoa;Hexacorallia;Scleractinia;Lobophylliidae;Oxypora;NA;TRUE
pachyseris;NA;NA;NA;Cnidaria;Anthozoa;Hexacorallia;Scleractinia;Agariciidae;Pachyseris;NA;TRUE
pachyseris blanchi;NA;NA;Bleached;Cnidaria;Anthozoa;Hexacorallia;Scleractinia;NA;Pachyseris;NA;TRUE
pachyseris encroutant;NA;NA;NA;Cnidaria;Anthozoa;Hexacorallia;Scleractinia;NA;Pachyseris;NA;TRUE
pachyseris sp;NA;NA;NA;Cnidaria;Anthozoa;Hexacorallia;Scleractinia;NA;Pachyseris;NA;TRUE
pachyseris speciosa;NA;NA;NA;Cnidaria;Anthozoa;Hexacorallia;Scleractinia;Agariciidae;Pachyseris;Pachyseris speciosa;TRUE
padina;NA;NA;NA;NA;Phaeophyceae;NA;Dictyotales;Dictyotaceae;Padina;NA;TRUE
padina sp;NA;NA;NA;NA;Phaeophyceae;NA;Dictyotales;Dictyotaceae;Padina;NA;TRUE
pavement;Abiotic;Rock;NA;NA;NA;NA;NA;NA;NA;NA;TRUE
pavona;NA;NA;NA;Cnidaria;Anthozoa;Hexacorallia;Scleractinia;Agariciidae;Pavona;NA;TRUE
pavona blanchi;NA;NA;Bleached;Cnidaria;Anthozoa;Hexacorallia;Scleractinia;Agariciidae;Pavona;NA;TRUE
pavona chiriquiensis;NA;NA;NA;Cnidaria;Anthozoa;Hexacorallia;Scleractinia;Agariciidae;Pavona;Pavona chiriquiensis;TRUE
pavona chiriquiensis bleached;NA;NA;Bleached;Cnidaria;Anthozoa;Hexacorallia;Scleractinia;Agariciidae;Pavona;Pavona chiriquiensis;TRUE
pavona duerdeni;NA;NA;NA;Cnidaria;Anthozoa;Hexacorallia;Scleractinia;Agariciidae;Pavona;Pavona duerdeni;TRUE
pavona encrusting;NA;NA;NA;Cnidaria;Anthozoa;Hexacorallia;Scleractinia;Agariciidae;Pavona;NA;TRUE
pavona explanulata;NA;NA;NA;Cnidaria;Anthozoa;Hexacorallia;Scleractinia;Agariciidae;Pavona;Pavona explanulata;TRUE
pavona foliose;NA;NA;NA;Cnidaria;Anthozoa;Hexacorallia;Scleractinia;Agariciidae;Pavona;NA;TRUE
pavona maldivensis;NA;NA;NA;Cnidaria;Anthozoa;Hexacorallia;Scleractinia;Agariciidae;Pavona;Pavona maldivensis;TRUE
pavona massive;NA;NA;NA;Cnidaria;Anthozoa;Hexacorallia;Scleractinia;Agariciidae;Pavona;NA;TRUE
pavona sp;NA;NA;NA;Cnidaria;Anthozoa;Hexacorallia;Scleractinia;Agariciidae;Pavona;NA;TRUE
pavona sub-massif;NA;NA;NA;Cnidaria;Anthozoa;Hexacorallia;Scleractinia;Agariciidae;Pavona;NA;TRUE
pavona varians;NA;NA;NA;Cnidaria;Anthozoa;Hexacorallia;Scleractinia;Agariciidae;Pavona;Pavona varians;TRUE
pavona varians bleached;NA;NA;Bleached;Cnidaria;Anthozoa;Hexacorallia;Scleractinia;Agariciidae;Pavona;Pavona varians;TRUE
pectinia;NA;NA;NA;Cnidaria;Anthozoa;Hexacorallia;Scleractinia;Merulinidae;Pectinia;NA;TRUE
pectinia sub-massif;NA;NA;NA;Cnidaria;Anthozoa;Hexacorallia;Scleractinia;Merulinidae;Pectinia;NA;TRUE
pectiniidae;NA;NA;NA;Cnidaria;Anthozoa;Hexacorallia;Scleractinia;Merulinidae;NA;NA;TRUE
percentcover allcoral;Hard coral;NA;NA;NA;NA;NA;NA;NA;NA;NA;TRUE
percentcover macroalgae;Algae;Macroalgae;NA;NA;NA;NA;NA;NA;NA;NA;TRUE
peyssonnelia sp;NA;NA;NA;Rhodophyta;Florideophyceae;Rhodymeniophycidae;Peyssonneliales;Peyssonneliaceae;Peyssonnelia;NA;TRUE
phanerogames;Seagrass;NA;NA;NA;NA;NA;NA;NA;NA;NA;TRUE
phymastrea massif;NA;NA;NA;Cnidaria;Anthozoa;Hexacorallia;Scleractinia;Merulinidae;Favites;NA;TRUE
phymastrea sp;NA;NA;NA;Cnidaria;Anthozoa;Hexacorallia;Scleractinia;Merulinidae;Favites;NA;TRUE
platygyra;NA;NA;NA;Cnidaria;Anthozoa;Hexacorallia;Scleractinia;Merulinidae;Platygyra;NA;TRUE
platygyra blanchi;NA;NA;Bleached;Cnidaria;Anthozoa;Hexacorallia;Scleractinia;Merulinidae;Platygyra;NA;TRUE
platygyra daedalea;NA;NA;NA;Cnidaria;Anthozoa;Hexacorallia;Scleractinia;Merulinidae;Platygyra;Platygyra daedalea;TRUE
platygyra daedalea bleached;NA;NA;Bleached;Cnidaria;Anthozoa;Hexacorallia;Scleractinia;Merulinidae;Platygyra;Platygyra daedalea;TRUE
platygyra massif;NA;NA;NA;Cnidaria;Anthozoa;Hexacorallia;Scleractinia;Merulinidae;Platygyra;NA;TRUE
platygyra pini;NA;NA;NA;Cnidaria;Anthozoa;Hexacorallia;Scleractinia;Merulinidae;Platygyra;Platygyra pini;TRUE
platygyra pini bleached;NA;NA;Bleached;Cnidaria;Anthozoa;Hexacorallia;Scleractinia;Merulinidae;Platygyra;Platygyra pini;TRUE
platygyra sp;NA;NA;NA;Cnidaria;Anthozoa;Hexacorallia;Scleractinia;Merulinidae;Platygyra;NA;TRUE
platygyra sp bleached;NA;NA;Bleached;Cnidaria;Anthozoa;Hexacorallia;Scleractinia;Merulinidae;Platygyra;NA;TRUE
platygyra/leptoria sp;NA;NA;NA;Cnidaria;Anthozoa;Hexacorallia;Scleractinia;Merulinidae;NA;NA;TRUE
plerogyra sp;NA;NA;NA;Cnidaria;Anthozoa;Hexacorallia;Scleractinia;Plerogyridae;Plerogyra;NA;TRUE
plesiastrea versipora;NA;NA;NA;Cnidaria;Anthozoa;Hexacorallia;Scleractinia;Plesiastreidae;Plesiastrea;Plesiastrea versipora;TRUE
plesiastrea versipora bleached;NA;NA;Bleached;Cnidaria;Anthozoa;Hexacorallia;Scleractinia;Plesiastreidae;Plesiastrea;Plesiastrea versipora;TRUE
pleuractis granulosa;NA;NA;NA;Cnidaria;Anthozoa;Hexacorallia;Scleractinia;Fungiidae;Pleuractis;Pleuractis granulosa;TRUE
pocillopora;NA;NA;NA;Cnidaria;Anthozoa;Hexacorallia;Scleractinia;Pocilloporidae;Pocillopora;NA;TRUE
pocillopora blanchi;NA;NA;Bleached;Cnidaria;Anthozoa;Hexacorallia;Scleractinia;Pocilloporidae;Pocillopora;NA;TRUE
pocillopora damicornis;NA;NA;NA;Cnidaria;Anthozoa;Hexacorallia;Scleractinia;Pocilloporidae;Pocillopora;Pocillopora damicornis;TRUE
pocillopora damicornis bleached;NA;NA;Bleached;Cnidaria;Anthozoa;Hexacorallia;Scleractinia;Pocilloporidae;Pocillopora;Pocillopora damicornis;TRUE
pocillopora grandis;NA;NA;NA;Cnidaria;Anthozoa;Hexacorallia;Scleractinia;Pocilloporidae;Pocillopora;Pocillopora grandis;TRUE
pocillopora grandis bleached;NA;NA;Bleached;Cnidaria;Anthozoa;Hexacorallia;Scleractinia;Pocilloporidae;Pocillopora;Pocillopora grandis;TRUE
pocillopora ligulata;NA;NA;NA;Cnidaria;Anthozoa;Hexacorallia;Scleractinia;Pocilloporidae;Pocillopora;Pocillopora ligulata;TRUE
pocillopora meandrina;NA;NA;NA;Cnidaria;Anthozoa;Hexacorallia;Scleractinia;Pocilloporidae;Pocillopora;Pocillopora meandrina;TRUE
pocillopora meandrina bleached;NA;NA;Bleached;Cnidaria;Anthozoa;Hexacorallia;Scleractinia;Pocilloporidae;Pocillopora;Pocillopora meandrina;TRUE
pocillopora other;NA;NA;NA;Cnidaria;Anthozoa;Hexacorallia;Scleractinia;Pocilloporidae;Pocillopora;NA;TRUE
pocillopora sp;NA;NA;NA;Cnidaria;Anthozoa;Hexacorallia;Scleractinia;Pocilloporidae;Pocillopora;NA;TRUE
pocillopora sp bleached;NA;NA;Bleached;Cnidaria;Anthozoa;Hexacorallia;Scleractinia;Pocilloporidae;Pocillopora;NA;TRUE
pocillopora sub-massif;NA;NA;NA;Cnidaria;Anthozoa;Hexacorallia;Scleractinia;Pocilloporidae;Pocillopora;NA;TRUE
pocillopora verrucosa;NA;NA;NA;Cnidaria;Anthozoa;Hexacorallia;Scleractinia;Pocilloporidae;Pocillopora;Pocillopora verrucosa;TRUE
pocillopora verrucosa bleached;NA;NA;Bleached;Cnidaria;Anthozoa;Hexacorallia;Scleractinia;Pocilloporidae;Pocillopora;Pocillopora verrucosa;TRUE
podobacia;NA;NA;NA;Cnidaria;Anthozoa;Hexacorallia;Scleractinia;Fungiidae;Podabacia;NA;TRUE
polyphyllia;NA;NA;NA;Cnidaria;Anthozoa;Hexacorallia;Scleractinia;Fungiidae;Polyphyllia;NA;TRUE
porites;NA;NA;NA;Cnidaria;Anthozoa;Hexacorallia;Scleractinia;Poritidae;Porites;NA;TRUE
porites annae;NA;NA;NA;Cnidaria;Anthozoa;Hexacorallia;Scleractinia;Poritidae;Porites;Porites annae;TRUE
porites arnaudi;NA;NA;NA;Cnidaria;Anthozoa;Hexacorallia;Scleractinia;Poritidae;Porites;Porites arnaudi;TRUE
porites arnaudi bleached;NA;NA;Bleached;Cnidaria;Anthozoa;Hexacorallia;Scleractinia;Poritidae;Porites;Porites arnaudi;TRUE
porites branching;NA;NA;NA;Cnidaria;Anthozoa;Hexacorallia;Scleractinia;Poritidae;Porites;NA;TRUE
porites branchu;NA;NA;NA;Cnidaria;Anthozoa;Hexacorallia;Scleractinia;Poritidae;Porites;NA;TRUE
porites brighami;NA;NA;NA;Cnidaria;Anthozoa;Hexacorallia;Scleractinia;Poritidae;Porites;Porites brighami;TRUE
porites compressa;NA;NA;NA;Cnidaria;Anthozoa;Hexacorallia;Scleractinia;Poritidae;Porites;Porites compressa;TRUE
porites compressa bleached;NA;NA;Bleached;Cnidaria;Anthozoa;Hexacorallia;Scleractinia;Poritidae;Porites;Porites compressa;TRUE
porites cylindrica;NA;NA;NA;Cnidaria;Anthozoa;Hexacorallia;Scleractinia;Poritidae;Porites;Porites cylindrica;TRUE
porites deformis;NA;NA;NA;Cnidaria;Anthozoa;Hexacorallia;Scleractinia;Poritidae;Porites;Porites deformis;TRUE
porites deformis bleached;NA;NA;Bleached;Cnidaria;Anthozoa;Hexacorallia;Scleractinia;Poritidae;Porites;Porites deformis;TRUE
porites encrusting;NA;NA;NA;Cnidaria;Anthozoa;Hexacorallia;Scleractinia;Poritidae;Porites;NA;TRUE
porites encrusting and sub-massive;NA;NA;NA;Cnidaria;Anthozoa;Hexacorallia;Scleractinia;Poritidae;Porites;NA;TRUE
porites evermanni;NA;NA;NA;Cnidaria;Anthozoa;Hexacorallia;Scleractinia;Poritidae;Porites;Porites evermanni;TRUE
porites evermanni bleached;NA;NA;Bleached;Cnidaria;Anthozoa;Hexacorallia;Scleractinia;Poritidae;Porites;Porites evermanni;TRUE
porites foliose;NA;NA;NA;Cnidaria;Anthozoa;Hexacorallia;Scleractinia;Poritidae;Porites;NA;TRUE
porites horizontalata;NA;NA;NA;Cnidaria;Anthozoa;Hexacorallia;Scleractinia;Poritidae;Porites;Porites horizontalata;TRUE
porites lichen;NA;NA;NA;Cnidaria;Anthozoa;Hexacorallia;Scleractinia;Poritidae;Porites;Porites lichen;TRUE
porites lobata;NA;NA;NA;Cnidaria;Anthozoa;Hexacorallia;Scleractinia;Poritidae;Porites;Porites lobata;TRUE
porites lobata bleached;NA;NA;Bleached;Cnidaria;Anthozoa;Hexacorallia;Scleractinia;Poritidae;Porites;Porites lobata;TRUE
porites lutea;NA;NA;NA;Cnidaria;Anthozoa;Hexacorallia;Scleractinia;Poritidae;Porites;Porites lutea;TRUE
porites lutea bleached;NA;NA;Bleached;Cnidaria;Anthozoa;Hexacorallia;Scleractinia;Poritidae;Porites;Porites lutea;TRUE
porites massif;NA;NA;NA;Cnidaria;Anthozoa;Hexacorallia;Scleractinia;Poritidae;Porites;NA;TRUE
porites massif blanchi;NA;NA;Bleached;Cnidaria;Anthozoa;Hexacorallia;Scleractinia;Poritidae;Porites;NA;TRUE
porites massive;NA;NA;NA;Cnidaria;Anthozoa;Hexacorallia;Scleractinia;Poritidae;Porites;NA;TRUE
porites massive sp;NA;NA;NA;Cnidaria;Anthozoa;Hexacorallia;Scleractinia;Poritidae;Porites;NA;TRUE
porites massive sp bleached;NA;NA;Bleached;Cnidaria;Anthozoa;Hexacorallia;Scleractinia;Poritidae;Porites;NA;TRUE
porites monticulosa;NA;NA;NA;Cnidaria;Anthozoa;Hexacorallia;Scleractinia;Poritidae;Porites;Porites monticulosa;TRUE
porites napopora;NA;NA;NA;Cnidaria;Anthozoa;Hexacorallia;Scleractinia;Poritidae;Porites;Porites napopora;TRUE
porites nigrescens;NA;NA;NA;Cnidaria;Anthozoa;Hexacorallia;Scleractinia;Poritidae;Porites;Porites nigrescens;TRUE
porites non-massive;NA;NA;NA;Cnidaria;Anthozoa;Hexacorallia;Scleractinia;Poritidae;Porites;NA;TRUE
porites randalli;NA;NA;NA;Cnidaria;Anthozoa;Hexacorallia;Scleractinia;Poritidae;Porites;Porites randalli;TRUE
porites rus;NA;NA;NA;Cnidaria;Anthozoa;Hexacorallia;Scleractinia;Poritidae;Porites;Porites rus;TRUE
porites rus bleached;NA;NA;Bleached;Cnidaria;Anthozoa;Hexacorallia;Scleractinia;Poritidae;Porites;Porites rus;TRUE
porites solida;NA;NA;NA;Cnidaria;Anthozoa;Hexacorallia;Scleractinia;Poritidae;Porites;Porites solida;TRUE
porites solida bleached;NA;NA;Bleached;Cnidaria;Anthozoa;Hexacorallia;Scleractinia;Poritidae;Porites;Porites solida;TRUE
porites sp;NA;NA;NA;Cnidaria;Anthozoa;Hexacorallia;Scleractinia;Poritidae;Porites;NA;TRUE
porites sp bleached;NA;NA;Bleached;Cnidaria;Anthozoa;Hexacorallia;Scleractinia;Poritidae;Porites;NA;TRUE
porites sp forme massive;NA;NA;NA;Cnidaria;Anthozoa;Hexacorallia;Scleractinia;Poritidae;Porites;NA;TRUE
porites synarea;NA;NA;NA;Cnidaria;Anthozoa;Hexacorallia;Scleractinia;Poritidae;Porites;NA;TRUE
poritidae;NA;NA;NA;Cnidaria;Anthozoa;Hexacorallia;Scleractinia;Poritidae;NA;NA;TRUE
psammocora;NA;NA;NA;Cnidaria;Anthozoa;Hexacorallia;Scleractinia;Siderastreidae;Psammocora;NA;TRUE
psammocora digitata;NA;NA;NA;Cnidaria;Anthozoa;Hexacorallia;Scleractinia;Siderastreidae;Psammocora;Psammocora digitata;TRUE
psammocora haimiana;NA;NA;NA;Cnidaria;Anthozoa;Hexacorallia;Scleractinia;Siderastreidae;Psammocora;Psammocora haimiana;TRUE
psammocora haimiana bleached;NA;NA;Bleached;Cnidaria;Anthozoa;Hexacorallia;Scleractinia;Siderastreidae;Psammocora;Psammocora haimiana;TRUE
psammocora nierstraszi;NA;NA;NA;Cnidaria;Anthozoa;Hexacorallia;Scleractinia;Siderastreidae;Psammocora;Psammocora nierstraszi;TRUE
psammocora nierstraszi bleached;NA;NA;Bleached;Cnidaria;Anthozoa;Hexacorallia;Scleractinia;Siderastreidae;Psammocora;Psammocora nierstraszi;TRUE
psammocora profundacella;NA;NA;NA;Cnidaria;Anthozoa;Hexacorallia;Scleractinia;Siderastreidae;Psammocora;Psammocora profundacella;TRUE
psammocora sp;NA;NA;NA;Cnidaria;Anthozoa;Hexacorallia;Scleractinia;Siderastreidae;Psammocora;NA;TRUE
psammocora sp bleached;NA;NA;NA;Cnidaria;Anthozoa;Hexacorallia;Scleractinia;Siderastreidae;Psammocora;NA;TRUE
psammocora stellata;NA;NA;NA;Cnidaria;Anthozoa;Hexacorallia;Scleractinia;Siderastreidae;Psammocora;Psammocora stellata;TRUE
psammocora stellata bleached;NA;NA;Bleached;Cnidaria;Anthozoa;Hexacorallia;Scleractinia;Siderastreidae;Psammocora;Psammocora stellata;TRUE
psammocora submassif;NA;NA;NA;Cnidaria;Anthozoa;Hexacorallia;Scleractinia;Siderastreidae;Psammocora;NA;TRUE
pseudosiderastrea massif;NA;NA;NA;Cnidaria;Anthozoa;Hexacorallia;Scleractinia;Rhizangiidae;Pseudosiderastrea;NA;TRUE
recently dead coral;Abiotic;NA;NA;NA;NA;NA;NA;NA;NA;NA;TRUE
recently killed coral;Abiotic;NA;NA;NA;NA;NA;NA;NA;NA;NA;TRUE
reckilledcoral;Abiotic;NA;NA;NA;NA;NA;NA;NA;NA;NA;TRUE
red macroalgae;Algae;Macroalgae;NA;NA;NA;NA;NA;NA;NA;NA;TRUE
reef matrix;Abiotic;Rock;NA;NA;NA;NA;NA;NA;NA;NA;TRUE
rhytisma;NA;NA;NA;Cnidaria;Anthozoa;Octocorallia;Malacalcyonacea;Lemnaliadae;Rhytisma;NA;TRUE
rock;Abiotic;Rock;NA;NA;NA;NA;NA;NA;NA;NA;TRUE
rubble;Abiotic;Rubble;NA;NA;NA;NA;NA;NA;NA;NA;TRUE
rubble substrate;Abiotic;Rubble;NA;NA;NA;NA;NA;NA;NA;NA;TRUE
sable;Abiotic;Sand;NA;NA;NA;NA;NA;NA;NA;NA;TRUE
sand;Abiotic;Sand;NA;NA;NA;NA;NA;NA;NA;NA;TRUE
sandalolitha;NA;NA;NA;Cnidaria;Anthozoa;Hexacorallia;Scleractinia;Fungiidae;Sandalolitha;NA;TRUE
sandalolitha dentata;NA;NA;NA;Cnidaria;Anthozoa;Hexacorallia;Scleractinia;Fungiidae;Sandalolitha;Sandalolitha dentata;TRUE
sandalolitha robusta;NA;NA;NA;Cnidaria;Anthozoa;Hexacorallia;Scleractinia;Fungiidae;Sandalolitha;Sandalolitha robusta;TRUE
sarcophyton;NA;NA;NA;Cnidaria;Anthozoa;Octocorallia;Malacalcyonacea;Sarcophytidae;Sarcophyton;NA;TRUE
sarcophytum;NA;NA;NA;Cnidaria;Anthozoa;Octocorallia;Malacalcyonacea;Sarcophytidae;Sarcophyton;NA;TRUE
sargassum;NA;NA;NA;NA;Phaeophyceae;NA;Fucales;Sargassaceae;Sargassum;NA;TRUE
scolymia;NA;NA;NA;Cnidaria;Anthozoa;Hexacorallia;Scleractinia;Mussidae;Scolymia;NA;TRUE
seagrass;Seagrass;NA;NA;NA;NA;NA;NA;NA;NA;NA;TRUE
seriatopora;NA;NA;NA;Cnidaria;Anthozoa;Hexacorallia;Scleractinia;Pocilloporidae;Seriatopora;NA;TRUE
seriatopora blanchi;NA;NA;Bleached;Cnidaria;Anthozoa;Hexacorallia;Scleractinia;Pocilloporidae;Seriatopora;NA;TRUE
seriatopota sub-massif;NA;NA;NA;Cnidaria;Anthozoa;Hexacorallia;Scleractinia;Pocilloporidae;Seriatopora;NA;TRUE
shadow;NA;NA;NA;NA;NA;NA;NA;NA;NA;NA;TRUE
siderastrea;NA;NA;NA;Cnidaria;Anthozoa;Hexacorallia;Scleractinia;Siderastreidae;Siderastrea;NA;TRUE
siderastreidae;NA;NA;NA;Cnidaria;Anthozoa;Hexacorallia;Scleractinia;Siderastreidae;NA;NA;TRUE
silt;Abiotic;Silt;NA;NA;NA;NA;NA;NA;NA;NA;TRUE
silt and sand;Abiotic;NA;NA;NA;NA;NA;NA;NA;NA;NA;TRUE
silt/clay;Abiotic;Silt;NA;NA;NA;NA;NA;NA;NA;NA;TRUE
sinularia;NA;NA;NA;Cnidaria;Anthozoa;Octocorallia;Malacalcyonacea;Alcyoniidae;Sinularia;NA;TRUE
sinularia blanchi;NA;NA;Bleached;Cnidaria;Anthozoa;Octocorallia;Malacalcyonacea;Alcyoniidae;Sinularia;NA;TRUE
soft coral;NA;NA;NA;Cnidaria;Anthozoa;Octocorallia;NA;NA;NA;NA;TRUE
soft coral - alcyoniidae;NA;NA;NA;Cnidaria;Anthozoa;Octocorallia;Alcyonacea;Alcyoniidae;NA;NA;TRUE
soft coral - common lrg alcyoniide;NA;NA;NA;Cnidaria;Anthozoa;Octocorallia;Alcyonacea;Alcyoniidae;NA;NA;TRUE
soft coral - encrusting soft corals;NA;NA;NA;Cnidaria;Anthozoa;Octocorallia;Alcyonacea;NA;NA;NA;TRUE
soft coral - erect soft corals;NA;NA;NA;Cnidaria;Anthozoa;Octocorallia;Alcyonacea;NA;NA;NA;TRUE
soft coral - non hermatypic: heliopora;Hard coral;NA;NA;NA;NA;NA;NA;NA;NA;NA;TRUE
soft coral - other;NA;NA;NA;Cnidaria;Anthozoa;Octocorallia;NA;NA;NA;NA;TRUE
soft coral - other soft coral;NA;NA;NA;Cnidaria;Anthozoa;Octocorallia;Alcyonacea;NA;NA;NA;TRUE
soft coral - other soft-corals no common alcyoniidae;NA;NA;NA;Cnidaria;Anthozoa;Octocorallia;Alcyonacea;NA;NA;NA;TRUE
soft coral - sea fans;NA;NA;NA;Cnidaria;Anthozoa;Octocorallia;Alcyonacea;NA;NA;NA;TRUE
soft coral - sea fans and plumes;NA;NA;NA;Cnidaria;Anthozoa;Octocorallia;Alcyonacea;NA;NA;NA;TRUE
soft coral - sea fans/plumes/branching whipes;NA;NA;NA;Cnidaria;Anthozoa;Octocorallia;Alcyonacea;NA;NA;NA;TRUE
soft coral - soft coral plumes;NA;NA;NA;Cnidaria;Anthozoa;Octocorallia;Alcyonacea;NA;NA;NA;TRUE
soft coral alcyoniidae;NA;NA;NA;Cnidaria;Anthozoa;Octocorallia;Malacalcyonacea;Alcyoniidae;NA;NA;TRUE
soft coral briareidae and rhytisma;NA;NA;NA;Cnidaria;Anthozoa;Octocorallia;NA;NA;NA;NA;TRUE
soft coral neptheidae;NA;NA;NA;Cnidaria;Anthozoa;Octocorallia;NA;NA;NA;NA;TRUE
soft coral other;NA;NA;NA;Cnidaria;Anthozoa;Octocorallia;NA;NA;NA;NA;TRUE
soft coral xeniidae;NA;NA;NA;Cnidaria;Anthozoa;Octocorallia;Malacalcyonacea;Xeniidae;NA;NA;TRUE
softcoral;NA;NA;NA;Cnidaria;Anthozoa;Octocorallia;NA;NA;NA;NA;TRUE
solitary coral;Hard coral;NA;NA;NA;NA;NA;NA;NA;NA;NA;TRUE
sponge;NA;NA;NA;Porifera;NA;NA;NA;NA;NA;NA;TRUE
sponge - other;NA;NA;NA;Porifera;NA;NA;NA;NA;NA;NA;TRUE
sponges and ascidians;Other fauna;NA;NA;NA;NA;NA;NA;NA;NA;NA;TRUE
stegastes turf;Algae;Turf algae;NA;NA;NA;NA;NA;NA;NA;NA;TRUE
stephanocoenia;NA;NA;NA;Cnidaria;Anthozoa;Hexacorallia;Scleractinia;Astrocoeniidae;Stephanocoenia;NA;TRUE
stylocoeniella armata;NA;NA;NA;Cnidaria;Anthozoa;Hexacorallia;Scleractinia;Astrocoeniidae;Stylocoeniella;Stylocoeniella armata;TRUE
stylocoeniella sub-massif;NA;NA;NA;Cnidaria;Anthozoa;Hexacorallia;Scleractinia;Astrocoeniidae;Stylocoeniella;NA;TRUE
stylophora;NA;NA;NA;Cnidaria;Anthozoa;Hexacorallia;Scleractinia;Pocilloporidae;Stylophora;NA;TRUE
stylophora blanchi;NA;NA;Bleached;Cnidaria;Anthozoa;Hexacorallia;Scleractinia;Pocilloporidae;Stylophora;NA;TRUE
stylophora sp;NA;NA;NA;Cnidaria;Anthozoa;Hexacorallia;Scleractinia;Pocilloporidae;Stylophora;NA;TRUE
stylophora submassif;NA;NA;NA;Cnidaria;Anthozoa;Hexacorallia;Scleractinia;Pocilloporidae;Stylophora;NA;TRUE
symphillia;NA;NA;NA;Cnidaria;Anthozoa;Hexacorallia;Scleractinia;Lobophylliidae;Lobophyllia;NA;TRUE
symphyllia;NA;NA;NA;Cnidaria;Anthozoa;Hexacorallia;Scleractinia;Lobophylliidae;Lobophyllia;NA;TRUE
symphyllia massif;NA;NA;NA;Cnidaria;Anthozoa;Hexacorallia;Scleractinia;Lobophylliidae;Lobophyllia;NA;TRUE
symphyllia sp;NA;NA;NA;Cnidaria;Anthozoa;Hexacorallia;Scleractinia;Lobophylliidae;Lobophyllia;NA;TRUE
synarea;NA;NA;NA;Cnidaria;Anthozoa;Hexacorallia;Scleractinia;Poritidae;Porites;NA;TRUE
tabulate coral;Hard coral;NA;NA;NA;NA;NA;NA;NA;NA;NA;TRUE
tape;NA;NA;NA;NA;NA;NA;NA;NA;NA;NA;TRUE
tapes/camera/fish;NA;NA;NA;NA;NA;NA;NA;NA;NA;NA;TRUE
terpios sponge;NA;NA;NA;Porifera;Demospongiae;Heteroscleromorpha;Suberitida;Suberitidae;Terpios;NA;TRUE
trachyphyllia;NA;NA;NA;Cnidaria;Anthozoa;Hexacorallia;Scleractinia;Merulinidae;Trachyphyllia;NA;TRUE
tuff;Algae;Turf algae;NA;NA;NA;NA;NA;NA;NA;NA;TRUE
tunicate;NA;NA;NA;Chordata;NA;NA;NA;NA;NA;NA;TRUE
turbinara coral;NA;NA;NA;Cnidaria;Anthozoa;Hexacorallia;Scleractinia;Dendrophylliidae;Turbinaria;NA;TRUE
turbinaria;NA;NA;NA;NA;NA;NA;NA;NA;NA;NA;TRUE
turbinaria blanchi;NA;NA;Bleached;Cnidaria;Anthozoa;Hexacorallia;Scleractinia;Dendrophylliidae;Turbinaria;NA;TRUE
turbinaria branchu;NA;NA;NA;Cnidaria;Anthozoa;Hexacorallia;Scleractinia;Dendrophylliidae;Turbinaria;NA;TRUE
turbinaria foliaire;NA;NA;NA;Cnidaria;Anthozoa;Hexacorallia;Scleractinia;Dendrophylliidae;Turbinaria;NA;TRUE
turbinaria sp;NA;NA;NA;NA;NA;NA;NA;NA;NA;NA;TRUE
turbinaria sp bleached;NA;NA;Bleached;Cnidaria;Anthozoa;Hexacorallia;Scleractinia;Dendrophylliidae;Turbinaria;NA;TRUE
turbinaria stellulata;NA;NA;NA;Cnidaria;Anthozoa;Hexacorallia;Scleractinia;Dendrophylliidae;Turbinaria;Turbinaria stellulata;TRUE
turbinaria stellulata bleached;NA;NA;Bleached;Cnidaria;Anthozoa;Hexacorallia;Scleractinia;Dendrophylliidae;Turbinaria;Turbinaria stellulata;TRUE
turbinaria-coral;NA;NA;NA;Cnidaria;Anthozoa;Hexacorallia;Scleractinia;Dendrophylliidae;Turbinaria;NA;TRUE
turf;Algae;Turf algae;NA;NA;NA;NA;NA;NA;NA;NA;TRUE
turf algae;Algae;Turf algae;NA;NA;NA;NA;NA;NA;NA;NA;TRUE
turf growing on hard substrate;Algae;Turf algae;NA;NA;NA;NA;NA;NA;NA;NA;TRUE
turf growing on rubble;Algae;Turf algae;NA;NA;NA;NA;NA;NA;NA;NA;TRUE
turf macroalgae;Algae;NA;NA;NA;NA;NA;NA;NA;NA;NA;TRUE
turf sur corail mort anciennement;Algae;Turf algae;NA;NA;NA;NA;NA;NA;NA;NA;TRUE
turf sur dalle;Algae;Turf algae;NA;NA;NA;NA;NA;NA;NA;NA;TRUE
turf sur debris;Algae;Turf algae;NA;NA;NA;NA;NA;NA;NA;NA;TRUE
unclassified sessile invertebrate;Other fauna;NA;NA;NA;NA;NA;NA;NA;NA;NA;TRUE
unclassified soft coral;NA;NA;NA;Cnidaria;Anthozoa;Octocorallia;Alcyonacea;NA;NA;NA;TRUE
unclassified/unknown;NA;NA;NA;NA;NA;NA;NA;NA;NA;NA;TRUE
unknown;NA;NA;NA;NA;NA;NA;NA;NA;NA;NA;TRUE
unknown coral;Hard coral;NA;NA;NA;NA;NA;NA;NA;NA;NA;TRUE
unknown coral bleached;Hard coral;NA;Bleached;NA;NA;NA;NA;NA;NA;NA;TRUE
upright macroalga;Algae;Macroalgae;NA;NA;NA;NA;NA;NA;NA;NA;TRUE
vase;Abiotic;Silt;NA;NA;NA;NA;NA;NA;NA;NA;TRUE
wand;NA;NA;NA;NA;NA;NA;NA;NA;NA;NA;TRUE
water;NA;NA;NA;NA;NA;NA;NA;NA;NA;NA;TRUE
wire and black coral;NA;NA;NA;Cnidaria;Anthozoa;Hexacorallia;Antipatharia;NA;NA;NA;TRUE
zoanthid;NA;NA;NA;Cnidaria;Anthozoa;Hexacorallia;Zoantharia;NA;NA;NA;TRUE
zoanthidae;NA;NA;NA;Cnidaria;Anthozoa;Hexacorallia;Zoantharia;Zoanthidae;NA;NA;TRUE
zoanthids;NA;NA;NA;Cnidaria;Anthozoa;Hexacorallia;Zoantharia;NA;NA;NA;TRUE
zooanthid;NA;NA;NA;Cnidaria;Anthozoa;Hexacorallia;Zoantharia;NA;NA;NA;TRUE
NA;NA;NA;NA;NA;NA;NA;NA;NA;NA;NA;TRUE
